date,y,mu,alpha_mu,beta_mu,gamma_mu,sigma,eta,alpha_sig,beta_sig,gamma_sig
2000-01-01T00:00:00,5.907453943426216,5.827005750894684,5.827005750894684,0.012,0.0,0.12036543130287329,-2.1172229027575815,0.711001717601984,0.17905224307749407,-2.8282246203595656
2000-02-01T00:00:00,14.411451319488888,5.683134003348357,5.683134003348357,0.012,0.0,6.502326250388369,1.8721599975512802,1.2556823548787133,0.20803651217871005,0.616477642672567
2000-03-01T00:00:00,10.94885358334269,5.705482935017917,5.705482935017917,0.012,0.0,3.2623699271072772,1.1824539027681267,1.5477347767821106,0.0815825375927118,-0.3652808740139838
2000-04-01T00:00:00,5.740664211847275,5.971110791497614,5.971110791497614,0.012,0.0,13.240624371314528,2.58328970735123,1.5615790728613397,-0.05267159517114861,1.0217106344898905
2000-05-01T00:00:00,10.263547630058358,6.246084241727225,6.246084241727225,0.012,0.0,13.72818741866442,2.6194511949444035,1.6822286820862054,0.038503754238707014,0.9372225128581984
2000-06-01T00:00:00,7.291718139221832,6.8541939553218345,6.8541939553218345,0.012,0.0,4.341987010131364,1.4683320797729893,1.5697290735080554,-0.10494485043489883,-0.10139699373506605
2000-07-01T00:00:00,-7.377124611863818,6.765966738348356,6.765966738348356,0.012,0.0,39.380613342156394,3.673273648055572,1.542963518929164,-0.15646071136034223,2.130310129126408
2000-08-01T00:00:00,6.377921596172495,7.106798241737557,7.106798241737557,0.012,0.0,1.2447829572229308,0.21896118317131363,0.9284158922797958,-0.24806511073910495,-0.7094547091084822
2000-09-01T00:00:00,9.207567339995322,7.5093514271886415,7.5093514271886415,0.012,0.0,2.4573457547455493,0.8990818059607458,0.7104572369506117,-0.2761620711924288,0.1886245690101341
2000-10-01T00:00:00,11.1386387000161,7.114593872847476,7.114593872847476,0.012,0.0,2.355105176136603,0.856585387250992,0.5512095510814462,-0.14653004774535566,0.3053758361695458
2000-11-01T00:00:00,7.025661845256789,6.967930978414888,6.967930978414888,0.012,0.0,1.768593362154907,0.5701845199888829,0.7141967182097524,-0.16021913121373546,-0.1440121982208695
2000-12-01T00:00:00,7.371822430110118,7.298775344657148,7.298775344657148,0.012,0.0,0.9081356413427184,-0.09636152679895604,0.782981402126351,-0.11165542665695209,-0.8793429289253071
2001-01-01T00:00:00,7.516891722723108,7.2792562333627755,7.2792562333627755,0.012,0.0,0.07620719760146691,-2.5742993640381266,0.48736019521120016,-0.07006498542915199,-3.061659559249327
2001-02-01T00:00:00,7.179128936044881,7.295441654981047,7.295441654981047,0.012,0.0,2.1180502805758077,0.7504959865460681,0.2299488340887231,-0.10952450000845998,0.520547152457345
2001-03-01T00:00:00,8.294891918645604,7.498858439656325,7.498858439656325,0.012,0.0,1.0101681935475406,0.010116845253767437,0.06824210517933116,-0.032821418475237285,-0.05812525992556372
2001-04-01T00:00:00,5.919623525094254,7.779621383102206,7.779621383102206,0.012,0.0,4.306036370761657,1.460017845437307,0.2087341214470485,-0.10240823946674944,1.2512837239902586
2001-05-01T00:00:00,7.343391530837817,7.873474916009129,7.873474916009129,0.012,0.0,1.4684237533879594,0.38418954888396334,0.3290926463683706,-0.02145349531650005,0.05509690251559274
2001-06-01T00:00:00,7.752705179170811,8.200048920711948,8.200048920711948,0.012,0.0,1.4001014435479668,0.33654469367325646,0.15693169244702376,0.036655488409799,0.1796130012262327
2001-07-01T00:00:00,18.435678133490477,7.8766855107935285,7.8766855107935285,0.012,0.0,16.694595486477578,2.815085043481086,0.21170946352333414,-0.09315750280372508,2.603375579957752
2001-08-01T00:00:00,8.343249709021173,8.069813132069322,8.069813132069322,0.012,0.0,0.2167814330952741,-1.5288656537884757,-0.07548020122520148,-0.13467870092819728,-1.4533854525632743
2001-09-01T00:00:00,7.380715874353438,7.833615272193383,7.833615272193383,0.012,0.0,0.7397481096527209,-0.30144554309173954,-0.4260206412118931,-0.4263381452671783,0.12457509812015355
2001-10-01T00:00:00,8.142961833881959,8.26136344056076,8.26136344056076,0.012,0.0,1.733674730054374,0.5502432771720215,-0.7406962344860121,-0.41678909129148745,1.2909395116580336
2001-11-01T00:00:00,7.89630457568364,8.058878449895076,8.058878449895076,0.012,0.0,0.2239653848290278,-1.4962637710816677,-0.9453972826334425,-0.5033608489725725,-0.5508664884482254
2001-12-01T00:00:00,8.144788816506342,8.070288032459958,8.070288032459958,0.012,0.0,0.132492724206247,-2.021227546714526,-1.0352478343203286,-0.48236280749429583,-0.9859797123941977
2002-01-01T00:00:00,7.8182271277745485,7.830648610155417,7.830648610155417,0.012,0.0,0.012558618898155752,-4.3773480843260835,-1.2863358520297639,-0.45630313200052514,-3.0910122322963196
2002-02-01T00:00:00,8.320896322877873,7.915862703220954,7.915862703220954,0.012,0.0,0.7982950445058222,-0.2252770199084354,-1.2097059463098347,-0.5210637929405553,0.9844289264013993
2002-03-01T00:00:00,8.522449378608576,8.014621334770265,8.014621334770265,0.012,0.0,0.2260470268790988,-1.487012217820392,-1.084862309218599,-0.5446348997194917,-0.40214990860179295
2002-04-01T00:00:00,10.981615953080818,7.869559971347161,7.869559971347161,0.012,0.0,0.9309458875249164,-0.07155412635354819,-1.617448939411924,-0.5124367541199114,1.5458948130583758
2002-05-01T00:00:00,7.98763489194362,7.905008755845037,7.905008755845037,0.012,0.0,0.06747576124114005,-2.695986838316735,-2.4918602918229724,-0.42608509456930066,-0.20412654649376266
2002-06-01T00:00:00,7.793538059475535,7.777753038370411,7.777753038370411,0.012,0.0,0.03393685189268412,-3.3832537785551486,-2.904704817576135,-0.4116135389938593,-0.4785489609790138
2002-07-01T00:00:00,8.103762621835106,7.860988414668163,7.860988414668163,0.012,0.0,0.46109751442321567,-0.7741457303213828,-3.462479244583979,-0.7383930700661312,2.688333514262596
2002-08-01T00:00:00,7.710696567608774,7.707344982082101,7.707344982082101,0.012,0.0,0.003219709734940433,-5.73846406791751,-4.340858369547607,-0.5561263098588928,-1.3976056983699032
2002-09-01T00:00:00,7.620067258072748,7.635023980518993,7.635023980518993,0.012,0.0,0.018209878914777104,-4.005791034645447,-4.9195907264827685,-0.5411268909451583,0.9137996918373218
2002-10-01T00:00:00,7.940449050551887,7.94027544158944,7.94027544158944,0.012,0.0,0.009663511922914054,-4.639398143730432,-5.515552439283431,-0.5405923786382151,0.8761542955529998
2002-11-01T00:00:00,7.861872644504385,7.858879929649352,7.858879929649352,0.012,0.0,0.004312561454787134,-5.4462232463407725,-5.661530383166444,-0.6555942088684475,0.21530713682567204
2002-12-01T00:00:00,7.716908045494587,7.7169518839440965,7.7169518839440965,0.012,0.0,0.0002297509196191348,-8.378514794041669,-6.311892568185002,-0.6484572358401977,-2.0666222258566664
2003-01-01T00:00:00,7.584234070814863,7.584102232045897,7.584102232045897,0.012,0.0,5.378208521020866e-05,-9.8305701349074,-7.143772867995427,-0.7720589590928013,-2.6867972669119746
2003-02-01T00:00:00,7.269714869844981,7.270529800835561,7.270529800835561,0.012,0.0,0.001516775436479563,-6.491168620898732,-7.76292813438159,-0.648197397685948,1.2717595134828588
2003-03-01T00:00:00,7.57456525862984,7.574705173142698,7.574705173142698,0.012,0.0,9.714759392990542e-05,-9.239279148995072,-8.36676943367861,-0.6599414507339136,-0.8725097153164627
2003-04-01T00:00:00,7.8082589253198265,7.8073141473423675,7.8073141473423675,0.012,0.0,0.0008752496483521058,-7.0410013998980965,-9.15965054599824,-0.7757704317063381,2.118649146100143
2003-05-01T00:00:00,7.714237237452775,7.714233675394753,7.714233675394753,0.012,0.0,1.8302352801934418e-05,-10.908480937969392,-9.828748222485702,-0.7286243864631728,-1.0797327154836907
2003-06-01T00:00:00,7.330569369730456,7.330475525821554,7.330475525821554,0.012,0.0,3.420638077796088e-05,-10.283098358843194,-10.889255806934589,-0.7181545336281793,0.6061574480913954
2003-07-01T00:00:00,7.264698553771625,7.264681171162247,7.264681171162247,0.012,0.0,0.00010915431142349546,-9.12274797576221,-11.261611661863197,-0.7609002072276615,2.1388636861009878
2003-08-01T00:00:00,7.040876593785425,7.040876666310601,7.040876666310601,0.012,0.0,7.578451917480949e-07,-14.092786704684643,-12.285880570194184,-0.8958915938284076,-1.8069061344904593
2003-09-01T00:00:00,7.290283781519733,7.290283701830801,7.290283701830801,0.012,0.0,6.770522319049313e-06,-11.902932322014777,-13.556150867667592,-0.8461215117030517,1.6532185456528148
2003-10-01T00:00:00,6.768770499993988,6.76877155072931,6.76877155072931,0.012,0.0,8.827916238060384e-07,-13.940176650821305,-14.425266292723018,-0.831509531378869,0.4850896419017124
2003-11-01T00:00:00,7.024820623484796,7.024819492984414,7.024819492984414,0.012,0.0,6.60979386898155e-07,-14.22954318230389,-15.209926387707114,-0.8943119744857891,0.9803832054032223
2003-12-01T00:00:00,7.267205342083472,7.267205341472442,7.267205341472442,0.012,0.0,7.874538963289628e-09,-18.659631198292676,-16.062612055275743,-0.8548084332439259,-2.597019143016932
2004-01-01T00:00:00,7.289447387657303,7.289447387759498,7.289447387759498,0.012,0.0,2.0554497769997744e-09,-20.002771143360402,-17.117218852145005,-0.8816469651530154,-2.8855522912153986
2004-02-01T00:00:00,7.345263179364995,7.345263199705721,7.345263199705721,0.012,0.0,4.566045078291183e-08,-16.902033323293587,-18.165716048391012,-0.8327523693411599,1.2636827250974234
2004-03-01T00:00:00,7.168496835876667,7.168496834321841,7.168496834321841,0.012,0.0,1.531441022628402e-09,-20.29705669994447,-19.043485905650225,-0.8497571142078902,-1.2535707942942458
2004-04-01T00:00:00,7.179525475154171,7.17952550760237,7.17952550760237,0.012,0.0,2.8169347996470047e-08,-17.385031400641214,-20.134891012261267,-0.7600588777795294,2.749859611620052
2004-05-01T00:00:00,7.356499664712979,7.35649966498733,7.35649966498733,0.012,0.0,3.1874520220623135e-10,-21.866629071471213,-20.565680906323202,-0.7305308133774486,-1.30094816514801
2004-06-01T00:00:00,7.340787075797212,7.340787075668686,7.340787075668686,0.012,0.0,8.464304168043292e-10,-20.889993118792137,-21.31228168661749,-0.7089486059307296,0.4222885678253498
2004-07-01T00:00:00,7.450564869573752,7.450564868581466,7.450564868581466,0.012,0.0,2.78332586833641e-09,-19.699619268790176,-21.80847362765806,-0.5841663562821339,2.108854358867885
2004-08-01T00:00:00,7.448362277958787,7.4483622778862,7.4483622778862,0.012,0.0,5.208723434032434e-11,-23.678101219450735,-22.289277415633396,-0.5856548071070496,-1.3888238038173388
2004-09-01T00:00:00,7.65892103385715,7.658921032320673,7.658921032320673,0.012,0.0,9.404442009295308e-10,-20.78466879810271,-22.467556005381326,-0.5954704796899895,1.6828872072786132
2004-10-01T00:00:00,7.600235955296969,7.60023595502014,7.60023595502014,0.012,0.0,7.528670127448639e-11,-23.309717606620644,-23.253156690753666,-0.601803982472441,-0.05656091586697776
2004-11-01T00:00:00,7.353562757402684,7.353562757202373,7.353562757202373,0.012,0.0,1.360181353910301e-10,-22.718232890619156,-23.829091730728816,-0.46376992923425797,1.1108588401096595
2004-12-01T00:00:00,7.406296077437038,7.406296077438507,7.406296077438507,0.012,0.0,2.3660523556062325e-12,-26.76979822229671,-24.282847361125327,-0.4389531723788431,-2.4869508611713833
2005-01-01T00:00:00,7.765757940304255,7.765757940303779,7.765757940303779,0.012,0.0,1.4016175951196021e-12,-27.293394121211747,-24.437474389509113,-0.4927832475762298,-2.8559197317026364
2005-02-01T00:00:00,7.937723749329733,7.937723749289973,7.937723749289973,0.012,0.0,3.2884053496984634e-11,-24.13803327180065,-25.054763972760192,-0.4385452654062608,0.9167307009595419
2005-03-01T00:00:00,8.245197013495318,8.245197013492369,8.245197013492369,0.012,0.0,2.1350284410507054e-12,-26.872541148001464,-25.194034581751662,-0.6316883205685192,-1.6785065662498004
2005-04-01T00:00:00,8.170077495940427,8.170077495868068,8.170077495868068,0.012,0.0,1.8017160216544092e-10,-22.437111373819853,-26.1376162990448,-0.5646811185677708,3.700504925224949
2005-05-01T00:00:00,8.37452633248708,8.37452633248702,8.37452633248702,0.012,0.0,4.962001259825521e-13,-28.331797069758313,-26.952858937481356,-0.5162724496853629,-1.3789381322769585
2005-06-01T00:00:00,8.002019703411891,8.002019703412442,8.002019703412442,0.012,0.0,1.7281198354423652e-12,-27.0839870987369,-27.199848507114986,-0.4713193630218656,0.11586140837808848
2005-07-01T00:00:00,7.788659850553227,7.788659850542744,7.788659850542744,0.012,0.0,6.809462346898816e-12,-25.712707949412692,-27.664038156026162,-0.36407283728805073,1.9513302066134701
2005-08-01T00:00:00,7.692236949498101,7.692236949497725,7.692236949497725,0.012,0.0,2.671249375459046e-13,-28.951059915072413,-27.804833811155248,-0.3441388234486964,-1.1462261039171655
2005-09-01T00:00:00,7.6643427145448,7.664342714546952,7.664342714546952,0.012,0.0,2.7405413212123286e-12,-26.622865652555216,-28.041738256725562,-0.4322779931231876,1.4188726041703457
2005-10-01T00:00:00,7.369282455429896,7.369282455428399,7.369282455428399,0.012,0.0,7.596651792461709e-13,-27.905898612326027,-28.248633960800507,-0.2517963822550613,0.3427353484744796
2005-11-01T00:00:00,7.4903106713022005,7.490310671301396,7.490310671301396,0.012,0.0,1.238693429486773e-12,-27.416963977726613,-28.44818110668462,-0.29532915994613906,1.0312171289580057
2005-12-01T00:00:00,7.541606850943984,7.541606850943948,7.541606850943948,0.012,0.0,6.340685262686329e-14,-30.38920445371112,-28.5759038253707,-0.393345659365404,-1.8133006283404223
2006-01-01T00:00:00,7.637484306682977,7.637484306682959,7.637484306682959,0.012,0.0,1.1522400566628514e-14,-32.094483378831725,-28.943624710275106,-0.4394825362152271,-3.1508586685566207
2006-02-01T00:00:00,7.791843973876646,7.79184397387664,7.79184397387664,0.012,0.0,1.641507096883503e-13,-29.43799142755878,-29.71925977158157,-0.3860109596747494,0.28126834402278766
2006-03-01T00:00:00,7.330235935672253,7.330235935672282,7.330235935672282,0.012,0.0,2.3293569237673746e-14,-31.390599070816695,-29.93999723175355,-0.3049337491121813,-1.4506018390631432
2006-04-01T00:00:00,7.49314300939584,7.49314300939791,7.49314300939791,0.012,0.0,2.3144811152412704e-12,-26.791835593798087,-30.706132713835363,-0.37159335393397164,3.9142971200372765
2006-05-01T00:00:00,7.487486831974497,7.487486831974489,7.487486831974489,0.012,0.0,6.325533233094977e-15,-32.69418205822296,-30.874543212115228,-0.593041969350036,-1.8196388461077322
2006-06-01T00:00:00,7.510771211215938,7.510771211215854,7.510771211215854,0.012,0.0,3.8814160744661095e-14,-30.879991247220044,-31.370768148832788,-0.7183953431540856,0.49077690161274445
2006-07-01T00:00:00,7.448702108997245,7.448702108997358,7.448702108997358,0.012,0.0,1.0339937653380884e-13,-29.90017746250822,-32.1954978887127,-0.8009617144739909,2.2953204262044786
2006-08-01T00:00:00,7.584127103842841,7.584127103842841,7.584127103842841,0.012,0.0,8.06582147209115e-16,-34.753725925086655,-32.88044555474474,-0.7412218082946799,-1.873280370341916
2006-09-01T00:00:00,7.649473934315312,7.649473934315303,7.649473934315303,0.012,0.0,1.4553023236039398e-14,-31.860977640331324,-33.534375278589806,-0.7571742261123934,1.6733976382584828
2006-10-01T00:00:00,7.702674198589892,7.702674198589895,7.702674198589895,0.012,0.0,1.700580168196728e-15,-34.00780692665988,-34.22652382973882,-0.7659712856703668,0.2187169030789352
2006-11-01T00:00:00,7.690423527085128,7.690423527085122,7.690423527085122,0.012,0.0,1.7097673697098608e-15,-34.00241907475589,-35.01140834593924,-0.7389626668436758,1.008989271183348
2006-12-01T00:00:00,8.028756451138516,8.028756451138516,8.028756451138516,0.012,0.0,3.959170771366785e-17,-37.76791197872988,-35.766576814250975,-0.7591170477617241,-2.001335164478902
2007-01-01T00:00:00,8.269244567867519,8.269244567867519,8.269244567867519,0.012,0.0,5.22488707573867e-18,-39.793098488574316,-36.70936449178217,-0.718093156519325,-3.0837339967921484
2007-02-01T00:00:00,8.27946778597762,8.27946778597762,8.27946778597762,0.012,0.0,2.235880935734212e-16,-36.03672618280683,-37.311869970982215,-0.5959430382171984,1.2751437881753878
2007-03-01T00:00:00,8.469530140073656,8.469530140073656,8.469530140073656,0.012,0.0,1.1222708658938322e-17,-39.0285923894812,-37.51949370464527,-0.6983599567083885,-1.5090986848359265
2007-04-01T00:00:00,8.394553549386861,8.394553549386861,8.394553549386861,0.012,0.0,5.808817430740208e-16,-35.081984478078155,-38.65758633229654,-0.8420907937730182,3.575601854218385
2007-05-01T00:00:00,8.66394711471908,8.66394711471908,8.66394711471908,0.012,0.0,9.861645406067593e-19,-41.4604637353116,-39.59995303407053,-0.784640269654122,-1.8605107012410678
2007-06-01T00:00:00,8.566890335160927,8.566890335160927,8.566890335160927,0.012,0.0,4.199102996285119e-18,-40.01166074372638,-40.33800299610243,-0.6237230064007616,0.3263422523760523
2007-07-01T00:00:00,8.546658209889184,8.546658209889184,8.546658209889184,0.012,0.0,3.597965571552499e-17,-37.86357801418984,-40.94961143851005,-0.5087893447849596,3.0860334243202026
2007-08-01T00:00:00,8.672847126295782,8.672847126295782,8.672847126295782,0.012,0.0,5.19767740645052e-20,-44.40348998667819,-41.437352259491156,-0.5354897068865727,-2.9661377271870304
2007-09-01T00:00:00,8.647315138610704,8.647315138610704,8.647315138610704,0.012,0.0,7.84937804340075e-18,-39.38609737537741,-41.81911721231866,-0.8745407369428344,2.4330198369412517
2007-10-01T00:00:00,8.69902968710225,8.69902968710225,8.69902968710225,0.012,0.0,1.639310220062525e-19,-43.25484121104956,-42.549279445333624,-0.8507079760035415,-0.7055617657159334
2007-11-01T00:00:00,8.814509153632413,8.814509153632413,8.814509153632413,0.012,0.0,6.5713843711211835e-19,-41.86639224560944,-43.53630078662436,-0.8576485275666005,1.6699085410149224
2007-12-01T00:00:00,8.958448213551348,8.958448213551348,8.958448213551348,0.012,0.0,4.696371104356566e-21,-46.80749684784193,-44.52996469775132,-0.9930250634172196,-2.2775321500906145
2008-01-01T00:00:00,9.641206262466206,9.641206262466206,9.641206262466206,0.012,0.0,3.932782877749466e-22,-49.28752475919378,-46.04069396430915,-1.1323608351358208,-3.246830794884629
2008-02-01T00:00:00,9.937146373675485,9.937146373675485,9.937146373675485,0.012,0.0,1.5139164837226436e-20,-45.637001869053854,-47.39172215123627,-1.3280987512820308,1.754720282182418
2008-03-01T00:00:00,10.031953615428089,10.031953615428089,10.031953615428089,0.012,0.0,1.1620546800198354e-22,-50.50668233173073,-48.71403874492448,-1.3576441323761357,-1.792643586806248
2008-04-01T00:00:00,10.03924480384669,10.03924480384669,10.03924480384669,0.012,0.0,1.1444762351522967e-20,-45.91675476407894,-49.949683741151446,-1.419020907609555,4.032928977072507
2008-05-01T00:00:00,10.282746024936802,10.282746024936802,10.282746024936802,0.012,0.0,3.507466906181904e-24,-54.00714813406553,-51.336001053128705,-1.5284847057570266,-2.671147080936826
2008-06-01T00:00:00,10.365871554716184,10.365871554716184,10.365871554716184,0.012,0.0,1.8465131977111426e-23,-52.34615803615805,-52.80859410611019,-1.4867810501777659,0.4624360699521417
2008-07-01T00:00:00,10.20403004618677,10.20403004618677,10.20403004618677,0.012,0.0,3.6925403609644396e-23,-51.65314247297415,-54.267535159297374,-1.4829070586255357,2.6143926863232196
2008-08-01T00:00:00,10.043405313941038,10.043405313941038,10.043405313941038,0.012,0.0,2.484528701096908e-26,-58.95712943379013,-56.06314234326149,-1.5942330814486703,-2.893987090528643
2008-09-01T00:00:00,9.906552937327536,9.906552937327536,9.906552937327536,0.012,0.0,1.81322028285977e-24,-54.66693780561198,-57.84478240444981,-1.416720958315174,3.1778445988378285
2008-10-01T00:00:00,9.858897993567556,9.858897993567556,9.858897993567556,0.012,0.0,4.838134953387036e-27,-60.5932682045826,-59.31077575106281,-1.5239581998747194,-1.2824924535197852
2008-11-01T00:00:00,10.027800582089208,10.027800582089208,10.027800582089208,0.012,0.0,3.060855647918156e-26,-58.7485179174656,-60.29742949023944,-1.4181892169864312,1.5489115727738403
2008-12-01T00:00:00,10.011727868679904,10.011727868679904,10.011727868679904,0.012,0.0,9.575007264035793e-29,-64.51581140311487,-62.27274265205994,-1.3953191850923161,-2.243068751054921
2009-01-01T00:00:00,9.279948298418683,9.279948298418683,9.279948298418683,0.012,0.0,1.0562258109005226e-29,-66.72026569832289,-63.60281653781188,-1.5742292444532702,-3.1174491605110126
2009-02-01T00:00:00,9.38072461103446,9.38072461103446,9.38072461103446,0.012,0.0,3.0604199138575114e-28,-63.3538304705329,-65.4298662861558,-1.6400131969284557,2.0760358156229044
2009-03-01T00:00:00,9.168127143971267,9.168127143971267,9.168127143971267,0.012,0.0,1.6728242550551094e-30,-68.56303942111994,-67.03817844138986,-1.5430494410183544,-1.524860979730073
2009-04-01T00:00:00,9.015813971328758,9.015813971328758,9.015813971328758,0.012,0.0,4.882151625002583e-29,-65.18938166737027,-68.78306438860099,-1.5710249014223534,3.593682721230715
2009-05-01T00:00:00,8.669263569159662,8.669263569159662,8.669263569159662,0.012,0.0,2.849026948540215e-32,-72.63574546139135,-70.27959187903689,-1.4549571889503465,-2.3561535823544646
2009-06-01T00:00:00,8.800697061763538,8.800697061763538,8.800697061763538,0.012,0.0,1.1309634667765955e-31,-71.25706798790377,-71.73915483952982,-1.261930873643255,0.482086851626056
2009-07-01T00:00:00,9.001994175185605,9.001994175185605,9.001994175185605,0.012,0.0,1.485157103418774e-31,-70.9846173226085,-73.55087434354384,-1.4665778367347413,2.566257020935334
2009-08-01T00:00:00,8.873815298609891,8.873815298609891,8.873815298609891,0.012,0.0,1.1784979909763497e-34,-78.1236524231344,-75.33027357080645,-1.4134238111570772,-2.793378852327952
2009-09-01T00:00:00,8.84639340714715,8.84639340714715,8.84639340714715,0.012,0.0,8.958602442421906e-33,-73.79269383139068,-76.52284358579105,-1.4782513083031092,2.730149754400369
2009-10-01T00:00:00,8.83456558853178,8.83456558853178,8.83456558853178,0.012,0.0,5.260494405419155e-35,-78.93025323903339,-77.82437163004967,-1.5789875587206361,-1.1058816089837262
2009-11-01T00:00:00,9.2041143356269,9.2041143356269,9.2041143356269,0.012,0.0,2.0196100506192185e-34,-77.58498871326779,-79.29237510786689,-1.534780125089459,1.7073863945991037
2009-12-01T00:00:00,9.022089554945296,9.022089554945296,9.022089554945296,0.012,0.0,5.931444952713227e-37,-83.4153805892039,-80.72919247407997,-1.4376048247523074,-2.6861881151239375
2010-01-01T00:00:00,8.856529349226617,8.856529349226617,8.856529349226617,0.012,0.0,1.1067994380162286e-37,-85.09417597960467,-82.41460446474107,-1.4754177268711595,-2.679571514863595
2010-02-01T00:00:00,8.608579238435588,8.608579238435588,8.608579238435588,0.012,0.0,2.6427173183316136e-36,-81.92125567273351,-84.18389453802348,-1.555670784208842,2.2626388652899676
2010-03-01T00:00:00,8.797979588098146,8.797979588098146,8.797979588098146,0.012,0.0,1.0126355325939185e-38,-87.48567716338152,-85.47173162765309,-1.4681405920275055,-2.0139455357284404
2010-04-01T00:00:00,8.792320334490059,8.792320334490059,8.792320334490059,0.012,0.0,8.398134478524925e-37,-83.06763884548504,-86.5959994536278,-1.5182200030730775,3.5283606081427688
2010-05-01T00:00:00,8.661982495126557,8.661982495126557,8.661982495126557,0.012,0.0,1.0974358231834551e-39,-89.70784223796961,-87.94813530050017,-1.5997554540668895,-1.7597069374694503
2010-06-01T00:00:00,8.668289714790603,8.668289714790603,8.668289714790603,0.012,0.0,2.3616682286207337e-39,-88.9414503809156,-89.4895638212748,-1.6063372008846264,0.5481134403592003
2010-07-01T00:00:00,8.458774791409711,8.458774791409711,8.458774791409711,0.012,0.0,2.5160583388807556e-39,-88.87812510104389,-91.36584218011583,-1.6498647198989995,2.4877170790719476
2010-08-01T00:00:00,8.44750052559825,8.44750052559825,8.44750052559825,0.012,0.0,3.6311106918413454e-42,-95.41903532856031,-93.08182729231065,-1.6361393986097177,-2.337208036249657
2010-09-01T00:00:00,8.255202169662246,8.255202169662246,8.255202169662246,0.012,0.0,5.857406692848289e-41,-92.63828185100094,-94.67322942843005,-1.7009897695354144,2.034947577429109
2010-10-01T00:00:00,8.031178097703902,8.031178097703902,8.031178097703902,0.012,0.0,2.478237996171799e-43,-98.10361117649605,-96.68420290289339,-1.7982206987339957,-1.4194082736026585
2010-11-01T00:00:00,8.107047857894573,8.107047857894573,8.107047857894573,0.012,0.0,8.67655235188026e-43,-96.85053474345817,-98.67281921689917,-1.9157008787565526,1.8222844734410062
2010-12-01T00:00:00,8.235740592798011,8.235740592798011,8.235740592798011,0.012,0.0,2.2207087702931698e-45,-102.81850277390456,-100.42557429897899,-1.926163394186302,-2.3929284749255735
2011-01-01T00:00:00,8.342430474254128,8.342430474254128,8.342430474254128,0.012,0.0,1.9190445825055673e-46,-105.26708682881534,-102.59436378332727,-2.1097819186178723,-2.67272304548807
2011-02-01T00:00:00,8.167193232860468,8.167193232860468,8.167193232860468,0.012,0.0,3.737104270190975e-45,-102.29801813250639,-104.76575653653889,-2.035678167373031,2.4677384040325006
2011-03-01T00:00:00,8.088623074857402,8.088623074857402,8.088623074857402,0.012,0.0,2.815526760120713e-48,-109.48893509347545,-106.7705267243935,-2.130423801143613,-2.7184083690819385
2011-04-01T00:00:00,8.608883498963651,8.608883498963651,8.608883498963651,0.012,0.0,4.295376900328832e-46,-104.46137497286202,-108.42385448616182,-2.1697054906079725,3.962479513299803
2011-05-01T00:00:00,8.551956089448213,8.551956089448213,8.551956089448213,0.012,0.0,1.927878831478401e-49,-112.17024920923839,-110.80013456842147,-2.162916720360262,-1.3701146408169207
2011-06-01T00:00:00,8.366762117652389,8.366762117652389,8.366762117652389,0.012,0.0,6.233966968769527e-50,-113.29924176693237,-113.4522663187264,-2.0177119194116693,0.1530245517940353
2011-07-01T00:00:00,8.567166146345546,8.567166146345546,8.567166146345546,0.012,0.0,1.1079416301283452e-49,-112.72416565016039,-115.5953341712798,-1.7796364329971075,2.87116852111941
2011-08-01T00:00:00,8.602239267501657,8.602239267501657,8.602239267501657,0.012,0.0,1.281953874279762e-52,-119.48603945734014,-117.0338619331945,-1.8493176322049623,-2.4521775241456396
2011-09-01T00:00:00,8.922086201808895,8.922086201808895,8.922086201808895,0.012,0.0,1.4631983757688065e-51,-117.05121503465655,-118.7724652121278,-1.6845359561210758,1.7212501774712428
2011-10-01T00:00:00,8.74282318554813,8.74282318554813,8.74282318554813,0.012,0.0,1.1499429592950518e-53,-121.89729758815241,-120.56210421399942,-1.6235098572231368,-1.3351933741529913
2011-11-01T00:00:00,8.786022677328235,8.786022677328235,8.786022677328235,0.012,0.0,9.87269752609177e-53,-119.74723680699846,-122.07767270413498,-1.7507742785414755,2.3304358971365304
2011-12-01T00:00:00,8.789299493867256,8.789299493867256,8.789299493867256,0.012,0.0,5.93565191240198e-56,-127.16378834361488,-123.99664886053564,-1.7782094055951212,-3.167139483079246
2012-01-01T00:00:00,8.643500121957644,8.643500121957644,8.643500121957644,0.012,0.0,1.99094082242438e-56,-128.25615790556546,-125.72574885708357,-1.781114756614945,-2.530409048481894
2012-02-01T00:00:00,8.697686997801968,8.697686997801968,8.697686997801968,0.012,0.0,5.112134584429575e-55,-125.01056307078625,-127.57384319157153,-1.6661568274899057,2.5632801207852784
2012-03-01T00:00:00,8.57095143901255,8.57095143901255,8.57095143901255,0.012,0.0,1.1364736513198009e-57,-131.1194201206754,-128.93255109166336,-1.7126508127806226,-2.186869029012036
2012-04-01T00:00:00,8.613925536926835,8.613925536926835,8.613925536926835,0.012,0.0,2.2567259721939686e-56,-128.13085012961076,-130.9979724459142,-1.6547181435708698,2.8671223163034503
2012-05-01T00:00:00,8.54298822783293,8.54298822783293,8.54298822783293,0.012,0.0,1.4606976273894002e-58,-133.17102124507832,-132.83161708679074,-1.6332191348501441,-0.3394041582875739
2012-06-01T00:00:00,8.459901042326898,8.459901042326898,8.459901042326898,0.012,0.0,2.0352098336937365e-59,-135.14192156068964,-134.72970839914163,-1.5391209068776373,-0.4122131615480197
2012-07-01T00:00:00,8.577348659095952,8.577348659095952,8.577348659095952,0.012,0.0,9.390856047425818e-59,-133.61278403172383,-136.24344591100473,-1.5560753724396934,2.6306618792808822
2012-08-01T00:00:00,8.474341399686743,8.474341399686743,8.474341399686743,0.012,0.0,9.11260730548131e-62,-140.55061689272958,-138.04378536195824,-1.5115308680872415,-2.5068315307713256
2012-09-01T00:00:00,8.316859240462188,8.316859240462188,8.316859240462188,0.012,0.0,1.0684674645033716e-60,-138.08888023402196,-139.65200272171748,-1.5818033537586262,1.5631224876955307
2012-10-01T00:00:00,8.537303434743995,8.537303434743995,8.537303434743995,0.012,0.0,3.178240409404471e-62,-141.60394805235845,-141.0652908409234,-1.6914605921792663,-0.5386572114350501
2012-11-01T00:00:00,8.294206696743377,8.294206696743377,8.294206696743377,0.012,0.0,1.0209010412970294e-61,-140.43700506146502,-142.61089455209319,-1.6226710279107883,2.1738894906281674
2012-12-01T00:00:00,8.558553929182661,8.558553929182661,8.558553929182661,0.012,0.0,9.039433194807501e-65,-147.46643457186403,-144.33381651356422,-1.5218871766578097,-3.13261805829982
2013-01-01T00:00:00,8.143495876071237,8.143495876071237,8.143495876071237,0.012,0.0,2.0614835738960346e-65,-148.9446051395148,-145.8120679026575,-1.6999934437361965,-3.1325372368573148
2013-02-01T00:00:00,8.24984365210366,8.24984365210366,8.24984365210366,0.012,0.0,1.4286934079371485e-63,-144.70610053277528,-147.2760119100756,-1.5858536370410552,2.5699113773003184
2013-03-01T00:00:00,8.228404536796289,8.228404536796289,8.228404536796289,0.012,0.0,5.696519054939695e-66,-150.23076084143074,-148.91033037146462,-1.757803644275915,-1.32043046996611
2013-04-01T00:00:00,7.9938044836417985,7.9938044836417985,7.9938044836417985,0.012,0.0,2.579882437254891e-65,-148.72028721367312,-150.66426948585445,-1.784045021375897,1.9439822721813278
2013-05-01T00:00:00,8.189592270191502,8.189592270191502,8.189592270191502,0.012,0.0,7.474167844785299e-67,-152.26174844263375,-152.40939534742364,-1.8646512739328878,0.14764690478989329
2013-06-01T00:00:00,8.261425721609118,8.261425721609118,8.261425721609118,0.012,0.0,9.059178796274419e-68,-154.37200784823614,-154.3365677019633,-1.9277721284283214,-0.035440146272841255
2013-07-01T00:00:00,8.384067086195886,8.384067086195886,8.384067086195886,0.012,0.0,9.484297316367173e-68,-154.32614880662487,-156.0187316723799,-1.7730027962567327,1.6925828657550204
2013-08-01T00:00:00,8.536157234430705,8.536157234430705,8.536157234430705,0.012,0.0,6.618622930612843e-70,-159.29106917779646,-157.5948588497646,-1.8675357347856911,-1.696210328031873
2013-09-01T00:00:00,8.326076181598427,8.326076181598427,8.326076181598427,0.012,0.0,3.4317634885477073e-69,-157.6452971509314,-159.4566380798632,-1.9962511835761145,1.8113409289317959
2013-10-01T00:00:00,8.425709136329388,8.425709136329388,8.425709136329388,0.012,0.0,4.933805391857895e-71,-161.88743102751428,-161.2125410228499,-2.1029876399368663,-0.6748900046643638
2013-11-01T00:00:00,8.865801617539901,8.865801617539901,8.865801617539901,0.012,0.0,5.1354649896068855e-71,-161.84737121030577,-163.37207378760854,-2.0706451136001442,1.5247025773027816
2013-12-01T00:00:00,8.639785050347879,8.639785050347879,8.639785050347879,0.012,0.0,9.169121297727346e-74,-168.17545542346718,-165.4892118519209,-2.039053409323824,-2.6862435715462722
2014-01-01T00:00:00,8.661382271968648,8.661382271968648,8.661382271968648,0.012,0.0,3.539907977568552e-75,-171.42978124278275,-167.77941019860498,-2.0985336868678255,-3.6503710441777653
2014-02-01T00:00:00,8.59915774395949,8.59915774395949,8.59915774395949,0.012,0.0,2.391187351339537e-73,-167.2169217462624,-169.9523305500426,-2.0960182108753003,2.735408803780221
2014-03-01T00:00:00,7.809567161675472,7.809567161675472,7.809567161675472,0.012,0.0,3.3437530142869626e-76,-173.7893732344167,-172.4346350399384,-1.9864063614863714,-1.3547381944783126
2014-04-01T00:00:00,7.766470372816106,7.766470372816106,7.766470372816106,0.012,0.0,1.9352142872202667e-75,-172.03366391145371,-174.42209019387886,-2.0089703329887185,2.3884262824251437
2014-05-01T00:00:00,7.636095895134478,7.636095895134478,7.636095895134478,0.012,0.0,4.679099761122265e-77,-175.75594642784984,-175.95917402215355,-2.008305512844994,0.20322759430370962
2014-06-01T00:00:00,8.134128413747309,8.134128413747309,8.134128413747309,0.012,0.0,3.4792728124023507e-78,-178.35481394353812,-177.78731298238387,-2.00185041901815,-0.5675009611542516
2014-07-01T00:00:00,7.629174196351455,7.629174196351455,7.629174196351455,0.012,0.0,6.388671003090072e-78,-177.7471109875142,-179.72351181646718,-1.874414022930368,1.976400828952985
2014-08-01T00:00:00,7.381100971785033,7.381100971785033,7.381100971785033,0.012,0.0,1.8258608501773337e-80,-183.60475586497677,-181.79923788844718,-1.9142763678116275,-1.805517976529595
2014-09-01T00:00:00,7.708642033102912,7.708642033102912,7.708642033102912,0.012,0.0,7.371592159294221e-80,-182.20917372418538,-183.64987755384033,-2.1409541930844567,1.44070382965496
2014-10-01T00:00:00,7.726501870323944,7.726501870323944,7.726501870323944,0.012,0.0,2.2639164098392266e-81,-185.69229629430748,-185.83359502367716,-2.1783254231595244,0.14129872936968169
2014-11-01T00:00:00,7.6281748892600225,7.6281748892600225,7.6281748892600225,0.012,0.0,5.129371666958362e-82,-187.176994455905,-188.01607440595512,-2.2789678748412614,0.8390799500501063
2014-12-01T00:00:00,7.918175669914847,7.918175669914847,7.918175669914847,0.012,0.0,3.0704286850679976e-84,-192.29533062281908,-190.20967989671712,-2.070841868450932,-2.0856507261019677
2015-01-01T00:00:00,7.451837472770284,7.451837472770284,7.451837472770284,0.012,0.0,7.693458808355683e-86,-195.98194753507084,-191.77647571326895,-2.281071746007183,-4.20547182180189
2015-02-01T00:00:00,7.608609889070925,7.608609889070925,7.608609889070925,0.012,0.0,2.0800981116000124e-83,-190.38214765686652,-194.21975343502876,-2.2083039345150763,3.8376057781622372
2015-03-01T00:00:00,7.647347347608788,7.647347347608788,7.647347347608788,0.012,0.0,8.121773113880254e-87,-198.23035459636793,-196.24913119639342,-2.1468293251109025,-1.9812233999745001
2015-04-01T00:00:00,7.73245662533863,7.73245662533863,7.73245662533863,0.012,0.0,1.4509016600337772e-85,-195.3475477068143,-198.14970774653824,-2.181398522664806,2.802160039723939
2015-05-01T00:00:00,7.874825876804039,7.874825876804039,7.874825876804039,0.012,0.0,3.589355329656893e-88,-201.3495155710129,-200.46474996840425,-2.1936988254566727,-0.8847656026086288
2015-06-01T00:00:00,7.799926035939124,7.799926035939124,7.799926035939124,0.012,0.0,1.5743546751105586e-88,-202.17364272524927,-202.32094041473547,-2.223347128670354,0.14729768948622143
2015-07-01T00:00:00,7.6659006976973245,7.6659006976973245,7.6659006976973245,0.012,0.0,1.0839241382233892e-88,-202.54690026609626,-204.71916257184284,-2.1751851152658452,2.1722623057465906
2015-08-01T00:00:00,7.913766510452544,7.913766510452544,7.913766510452544,0.012,0.0,1.8197247387519103e-91,-208.93655821525175,-206.77720950543525,-2.0997249137144625,-2.1593487098165105
2015-09-01T00:00:00,8.191612667323554,8.191612667323554,8.191612667323554,0.012,0.0,6.642141736590847e-91,-207.6418090002867,-209.05333133993554,-2.166876870572502,1.411522339648822
2015-10-01T00:00:00,8.327649770882887,8.327649770882887,8.327649770882887,0.012,0.0,2.1447178124144924e-92,-211.0748205677104,-211.23131802565314,-2.0030298757049216,0.15649745794274217
2015-11-01T00:00:00,8.552409394096799,8.552409394096799,8.552409394096799,0.012,0.0,5.959319529388674e-93,-212.35545734680858,-213.0455423763339,-2.0686860411330463,0.6900850295253256
2015-12-01T00:00:00,8.025592636555448,8.025592636555448,8.025592636555448,0.012,0.0,5.4974537424507964e-95,-217.04129880531113,-214.89403166244284,-1.8555024044997264,-2.147267142868297
2016-01-01T00:00:00,8.15934872388296,8.15934872388296,8.15934872388296,0.012,0.0,1.3217166314348829e-96,-220.7692375573599,-216.71228397852235,-1.790447611548141,-4.056953578837558
2016-02-01T00:00:00,8.267849215854293,8.267849215854293,8.267849215854293,0.012,0.0,2.7255932951013326e-94,-215.44031261405033,-218.8001267054249,-1.8512943431579596,3.3598140913745747
2016-03-01T00:00:00,8.316301202113793,8.316301202113793,8.316301202113793,0.012,0.0,3.1878607150002494e-97,-222.19140395085034,-220.52932015121755,-1.7447326769574263,-1.6620837996327906
2016-04-01T00:00:00,8.447143093488588,8.447143093488588,8.447143093488588,0.012,0.0,7.583172526760018e-96,-219.0222372761868,-222.46148909774067,-1.5731347947655934,3.439251821553885
2016-05-01T00:00:00,8.101298293414343,8.101298293414343,8.101298293414343,0.012,0.0,3.191354756740889e-98,-224.4928935981409,-223.83898332024575,-1.5240823852769316,-0.6539102778951592
2016-06-01T00:00:00,8.264482102540354,8.264482102540354,8.264482102540354,0.012,0.0,5.3568621865374075e-99,-226.27754581570832,-225.54594701854126,-1.5227446635918152,-0.7315987971670692
2016-07-01T00:00:00,7.955785339828937,7.955785339828937,7.955785339828937,0.012,0.0,1.5458759638503007e-98,-225.21774839683837,-227.0794110558055,-1.4833915308936971,1.8616626589671204
2016-08-01T00:00:00,8.194866722184642,8.194866722184642,8.194866722184642,0.012,0.0,1.5102711310815177e-100,-229.84622010768854,-228.3172551137157,-1.479124151523356,-1.52896499397283
2016-09-01T00:00:00,8.477730030472806,8.477730030472806,8.477730030472806,0.012,0.0,2.2280867025950811e-100,-229.45736606310788,-230.20225067038496,-1.457786333580475,0.7448846072770688
2016-10-01T00:00:00,8.434442954034957,8.434442954034957,8.434442954034957,0.012,0.0,1.1556581490139883e-100,-230.11383929173385,-231.54173184022088,-1.5101738926826567,1.42789254848701
2016-11-01T00:00:00,8.681594549107254,8.681594549107254,8.681594549107254,0.012,0.0,4.8021037603060684e-102,-233.29462538009983,-233.32200756476914,-1.607898443561271,0.02738218466930714
2016-12-01T00:00:00,8.58857498791647,8.58857498791647,8.58857498791647,0.012,0.0,9.470427210601966e-104,-237.2206756532043,-234.82617848777736,-1.6778796693414153,-2.39449716542695
2017-01-01T00:00:00,8.47043727881999,8.47043727881999,8.47043727881999,0.012,0.0,3.3974398772419573e-105,-240.54841259366424,-236.6439613623754,-1.5755275208010073,-3.904451231288834
2017-02-01T00:00:00,8.638627769229842,8.638627769229842,8.638627769229842,0.012,0.0,1.8119899552813105e-102,-234.26925382123022,-238.25718480398794,-1.5743427299425639,3.9879309827577174
2017-03-01T00:00:00,8.701623930911646,8.701623930911646,8.701623930911646,0.012,0.0,1.242195942509225e-105,-241.55455402961186,-239.76684699578425,-1.5904769309205258,-1.7877070338276198
2017-04-01T00:00:00,8.568807742202779,8.568807742202779,8.568807742202779,0.012,0.0,1.5396646212668747e-104,-239.0372850570705,-241.5914274349475,-1.5363558123963283,2.5541423778769756
2017-05-01T00:00:00,9.0282776797995,9.0282776797995,9.0282776797995,0.012,0.0,3.278001719550605e-106,-242.88678585247425,-243.43550152685975,-1.4637113659589494,0.5487156743855172
2017-06-01T00:00:00,9.149623675983602,9.149623675983602,9.149623675983602,0.012,0.0,1.1876414581250058e-107,-246.20463557789918,-244.6805476597371,-1.7321475534250192,-1.5240879181620897
2017-07-01T00:00:00,8.983735571314948,8.983735571314948,8.983735571314948,0.012,0.0,5.014788684609292e-107,-244.7642136665049,-246.5728424407394,-1.8707512146501215,1.8086287742345162
2017-08-01T00:00:00,8.933091577092092,8.933091577092092,8.933091577092092,0.012,0.0,1.938698438747522e-109,-250.31975829629724,-248.80937663105817,-1.831440307579796,-1.5103816652390627
2017-09-01T00:00:00,8.757633525504232,8.757633525504232,8.757633525504232,0.012,0.0,3.0236932864230373e-109,-249.8752961096251,-250.49755238955794,-1.7894004555561822,0.6222562799328271
2017-10-01T00:00:00,8.841032409180947,8.841032409180947,8.841032409180947,0.012,0.0,3.184248907766156e-109,-249.82355869687464,-251.8618738558835,-2.0067869530428917,2.0383151590088344
2017-11-01T00:00:00,8.71791865019767,8.71791865019767,8.71791865019767,0.012,0.0,3.521968124611071e-111,-254.32792536267198,-253.72604835839167,-1.8721629064876706,-0.6018770042803051
2017-12-01T00:00:00,8.632102562490036,8.632102562490036,8.632102562490036,0.012,0.0,1.2819390247553364e-112,-257.6411566205591,-255.30736646843246,-1.8821721874788055,-2.333790152126672
2018-01-01T00:00:00,8.321065993694775,8.321065993694775,8.321065993694775,0.012,0.0,5.4587639323046e-114,-260.7974782232184,-257.16069456403466,-1.9017776846280965,-3.636783659183714
2018-02-01T00:00:00,8.561310059933797,8.561310059933797,8.561310059933797,0.012,0.0,1.1244506029719894e-111,-255.4696507588796,-259.2312664499675,-1.8495169577048336,3.7616156910879233
2018-03-01T00:00:00,8.463471920597037,8.463471920597037,8.463471920597037,0.012,0.0,2.2768374760517032e-114,-261.67191319313673,-260.5805490672452,-1.805708614155661,-1.0913641258914986
2018-04-01T00:00:00,8.148948247895,8.148948247895,8.148948247895,0.012,0.0,7.163747307556597e-114,-260.5256673902802,-262.39849272133307,-1.9107480377442188,1.8728253310528724
2018-05-01T00:00:00,8.440899956147016,8.440899956147016,8.440899956147016,0.012,0.0,2.7981523503076077e-115,-263.7683263698375,-264.42121720810246,-1.9162337800089715,0.6528908382649603
2018-06-01T00:00:00,8.510617832090238,8.510617832090238,8.510617832090238,0.012,0.0,9.083746515475237e-117,-267.1959691609545,-266.0313509020334,-1.8113508629909987,-1.1646182589210858
2018-07-01T00:00:00,9.039769280998911,9.039769280998911,9.039769280998911,0.012,0.0,1.6488346895182533e-116,-266.5998019976848,-268.1730022910841,-1.8516944722949786,1.573200293399341
2018-08-01T00:00:00,8.81518327937992,8.81518327937992,8.81518327937992,0.012,0.0,1.4891996145308165e-118,-271.3068021691241,-269.9226716629022,-1.8421196721003759,-1.3841305062219098
2018-09-01T00:00:00,8.725004390951476,8.725004390951476,8.725004390951476,0.012,0.0,1.8811932447964387e-118,-271.0731346931164,-271.6189017759607,-1.966444562009347,0.5457670828442691
2018-10-01T00:00:00,8.695494586398064,8.695494586398064,8.695494586398064,0.012,0.0,1.0133701185156333e-118,-271.6917594460395,-273.55460303058857,-2.0172709619434888,1.8628435845490714
2018-11-01T00:00:00,8.604483004505015,8.604483004505015,8.604483004505015,0.012,0.0,1.100953217873622e-120,-276.2140347930257,-275.47625383828023,-1.8745409834290099,-0.7377809547454565
2018-12-01T00:00:00,8.557508436205689,8.557508436205689,8.557508436205689,0.012,0.0,2.5598249106043897e-122,-279.97544248341626,-277.2179247808409,-1.900945035225113,-2.7575177025753432
2019-01-01T00:00:00,8.87362764170487,8.87362764170487,8.87362764170487,0.012,0.0,5.0708327300394994e-123,-281.5944613875954,-278.6193417366405,-2.045811530036133,-2.975119650954947
2019-02-01T00:00:00,9.203442174020784,9.203442174020784,9.203442174020784,0.012,0.0,4.713188291281952e-121,-277.06243165366516,-280.8169585674027,-1.9362627986263432,3.75452691373753
2019-03-01T00:00:00,9.512739871114485,9.512739871114485,9.512739871114485,0.012,0.0,5.9974561064493594e-124,-283.72921613419794,-282.5855750107574,-1.9067173322429605,-1.1436411234405508
2019-04-01T00:00:00,9.319913229027666,9.319913229027666,9.319913229027666,0.012,0.0,1.37078700144011e-123,-282.902581409757,-284.6666984303633,-2.226497429467911,1.7641170206063332
2019-05-01T00:00:00,9.42477683772283,9.42477683772283,9.42477683772283,0.012,0.0,5.643925803270988e-125,-286.09255673647647,-286.70587026280026,-2.256702472854588,0.6133135263237971
2019-06-01T00:00:00,9.258520719944872,9.258520719944872,9.258520719944872,0.012,0.0,7.387911958900608e-127,-290.42846166474817,-288.8776189946456,-2.187666275769193,-1.550842670102554
2019-07-01T00:00:00,9.049007625628366,9.049007625628366,9.049007625628366,0.012,0.0,1.9377655607470645e-126,-289.46418618078536,-291.1977868408657,-2.216227486644294,1.7336006600803537
2019-08-01T00:00:00,8.91683755648262,8.91683755648262,8.91683755648262,0.012,0.0,8.410021174925684e-129,-294.90405300442313,-293.4591388683247,-2.293436819081254,-1.4449141360984088
2019-09-01T00:00:00,8.95154717041592,8.95154717041592,8.95154717041592,0.012,0.0,5.434788036863937e-129,-295.3406564760763,-295.3871846118084,-2.2982855782865284,0.04652813573211845
2019-10-01T00:00:00,8.877420837598201,8.877420837598201,8.877420837598201,0.012,0.0,1.1491495931266113e-128,-294.59186971865375,-297.6684156597982,-2.33253079042996,3.07654594114446
2019-11-01T00:00:00,8.673606477527017,8.673606477527017,8.673606477527017,0.012,0.0,1.6594660539889697e-131,-301.13215128581686,-299.6377489951571,-2.1817153258323967,-1.4944022906597778
2019-12-01T00:00:00,8.829532069257377,8.829532069257377,8.829532069257377,0.012,0.0,7.838251909349309e-133,-304.1848015294537,-301.8357538294828,-2.2328659367763675,-2.349047699970894
