time,observed,lower,median,upper,truth
1,25.628837710387035,24.740686370968856,24.97751116156693,25.286096924684273,25.006
2,23.55498176627935,24.74724239283184,25.00084375844916,25.337193692438674,25.012
3,24.915389632474955,24.75441695454517,24.993919981139857,25.317047596012273,25.018
4,25.7096657666877,24.761019029844647,24.995925526671805,25.284644240028364,25.024
5,25.571029970800275,24.766910458420774,25.003945370902535,25.318507905756793,25.03
6,28.08238022308695,24.77346648028376,25.02836635010831,25.37133115235977,25.036
7,27.81834651076377,24.780825255743075,25.043988230122388,25.418778522755982,25.042
8,28.25295539640473,24.787427331042547,25.057723162705983,25.428882870142473,25.048
9,26.549099234558728,24.793134545872697,25.063293718742887,25.44140167450133,25.054
10,24.79651258227552,24.799690567735677,25.04840736180258,25.36707134521434,25.06
11,23.988056218894197,24.80659291418365,25.037291908269893,25.31614879290427,25.066000000000003
12,25.133696333175223,24.813835632240448,25.046662125394022,25.327783669150325,25.072000000000003
13,26.954776043369144,24.819358633324615,25.03638548843106,25.293900673478735,25.078000000000003
14,25.76592114517313,24.825914655187596,25.04714112594312,25.30571299834328,25.084000000000003
15,27.368668740342716,24.83277815473181,25.043314598677327,25.290014410203348,25.090000000000003
16,26.605921409641887,24.83930660322311,25.042216532102493,25.27021561319538,25.096000000000004
17,25.72442195691143,24.845582720776534,25.04517173090216,25.279216621792063,25.102000000000004
18,29.07627383453162,24.852138742639518,25.06573330237505,25.312845337020406,25.108000000000004
19,24.443008328334887,24.857283047737937,25.057131653336135,25.285314491617402,25.114000000000004
20,23.84644285077905,24.85764570638627,25.055031324265855,25.268489183209645,25.120000000000005
21,25.16883921624408,24.87088239646925,25.0694157811443,25.298616304878912,25.126000000000005
22,26.435082089395472,24.878362830091437,25.09113883876804,25.335467838856662,25.132000000000005
23,26.727669658606327,24.88159330202124,25.079429160521308,25.295194394553945,25.138000000000005
24,26.072012190143347,24.89028380536891,25.08886022580583,25.309250578004395,25.144000000000005
25,24.204362712587297,24.89804003864648,25.09849973349204,25.328695684904236,25.15000000000001
26,26.4466380296987,24.896003490933168,25.077579336358582,25.27489184530357,25.15600000000001
27,25.36286148825081,24.90273317336809,25.072297550157046,25.25739996099169,25.16200000000001
28,23.969693468385405,24.909299803920884,25.075792739321532,25.252593671809237,25.168000000000006
29,25.140102576167266,24.913594076656693,25.083692904809254,25.26594797016605,25.174000000000007
30,25.923999054092768,24.919545133276973,25.087560422012924,25.257912077845795,25.180000000000007
31,26.44186990696117,24.928888475839155,25.08751017481581,25.248409867784623,25.186000000000007
32,26.42138385354543,24.929986221275758,25.090095328163336,25.244169536723682,25.192000000000007
33,24.35658004305616,24.938973907983105,25.096686779335425,25.244464457111786,25.198000000000008
34,23.7616276684018,24.930686835389842,25.07931416871519,25.21391434112915,25.204000000000008
35,26.726222429876398,24.92401168686574,25.07130668145834,25.205017489342048,25.210000000000008
36,26.857868539238147,24.909816534880946,25.056050393549114,25.200124946448444,25.216000000000008
37,26.37200868564091,24.92582549692883,25.077216902610473,25.213161418346612,25.22200000000001
38,25.89252775430414,24.94408163369695,25.09583074215042,25.2240657947395,25.22800000000001
39,24.985095334717343,24.965246567933722,25.10923253419503,25.240380197374137,25.23400000000001
40,27.565766967871312,24.97706970156264,25.124492962213278,25.27101896029617,25.24000000000001
41,27.39952297786184,24.979808883722857,25.125585799607737,25.261181070628204,25.24600000000001
42,23.9187193813875,24.991800887569667,25.14307106063106,25.28393141066976,25.25200000000001
43,28.60859427286649,24.994544394786466,25.139318998164896,25.272926588957947,25.25800000000001
44,25.33305323140208,25.00571577650576,25.15151254545156,25.297056577440983,25.26400000000001
45,24.61111953002435,25.01895749122115,25.175114334758263,25.325581652765848,25.27000000000001
46,24.47937805547748,25.02558498175076,25.181529840470713,25.331551632865672,25.27600000000001
47,22.919765531047062,25.032745932511382,25.19506593515431,25.35809181936336,25.28200000000001
48,25.34370991334276,25.037357452831053,25.193201464534226,25.34288931077875,25.28800000000001
49,26.942258375638275,25.03696540557617,25.18305507833,25.31601154593136,25.29400000000001
50,26.070723711356557,25.05209494386921,25.209163645407244,25.363798536050794,25.30000000000001
51,26.23556192335556,25.058745256671294,25.21268028256486,25.357145040061997,25.30600000000001
52,26.993333238449647,25.0683538027058,25.242741745586,25.42420656172878,25.31200000000001
53,24.80650307075084,25.0768715346905,25.276741812693114,25.486960953623864,25.31800000000001
54,27.16497551574689,25.078683222017624,25.259716854274195,25.446395859185937,25.32400000000001
55,25.03412517863362,25.085307484157436,25.26115330251003,25.441202371597118,25.330000000000013
56,26.829346601615,25.093412988639336,25.263269730129345,25.432825247560174,25.336000000000013
57,26.79635234325365,25.09766222116792,25.260542645900927,25.4219045366611,25.342000000000013
58,23.57236286669031,25.104174560932258,25.263309778803198,25.41949266990968,25.348000000000013
59,23.59917600144937,25.1114992602851,25.276255411647714,25.438108031780615,25.354000000000013
60,24.769418359125392,25.118450199891292,25.275461448772703,25.43305091191007,25.360000000000014
61,26.73381748650828,25.122503156098567,25.267662305590378,25.405435267948192,25.36600000000001
62,24.32690536316033,25.131491704923437,25.282225635310873,25.42574286065516,25.37200000000001
63,27.840350199008707,25.13853267435449,25.316371746586462,25.498254571938453,25.37800000000001
64,25.879167127772966,25.148908811967676,25.336899334462252,25.533070730644997,25.38400000000001
65,26.81448626398381,25.151550105555526,25.310796669214575,25.46616516639099,25.39000000000001
66,25.65580908978236,25.154119656647836,25.2927717808332,25.423567628100162,25.39600000000001
67,25.75785960522917,25.16182985278573,25.30050128847663,25.435294351097404,25.40200000000001
68,27.6981111189941,25.156898177963622,25.29198613526774,25.419441225752433,25.408000000000012
69,25.431614819608438,25.157034211412302,25.285002311840863,25.41122755898739,25.414000000000016
70,26.233378279191385,25.15717544848691,25.290424499968868,25.416509577730075,25.420000000000016
71,27.36862549466337,25.19138331197392,25.33547471996057,25.47108234249306,25.426000000000016
72,24.233072490994388,25.20039947070449,25.357695608521226,25.50787469018481,25.432000000000016
73,26.66181345896118,25.2046846094105,25.36849673880188,25.52423287561813,25.438000000000017
74,28.788439364323104,25.211342844718523,25.37328147714102,25.52570456808194,25.444000000000017
75,26.114189935324937,25.21833919659089,25.364630758355556,25.50673603533941,25.450000000000017
76,28.683604602401317,25.226847437243,25.3730919598859,25.530286577619954,25.456000000000017
77,29.01221940967624,25.231085111371463,25.370034677403673,25.502389415651315,25.462000000000018
78,26.36369798191124,25.230299183721854,25.361878151965165,25.48508349754242,25.468000000000018
79,27.606056373117493,25.228778226043154,25.356804701197326,25.4776599933757,25.474000000000014
80,25.701710844861708,25.245584137589983,25.376550543950792,25.5000205976073,25.480000000000015
81,24.10607014659464,25.253590341530536,25.39222415948072,25.521709551514313,25.48600000000002
82,24.975610358655096,25.264881193874256,25.40596916729453,25.53631498284813,25.49200000000002
83,24.50430765257896,25.257128885047443,25.385260720209168,25.50572040922641,25.49800000000002
84,22.606155267873703,25.24710481852429,25.375592675733472,25.504628097894237,25.50400000000002
85,24.696437791399845,25.262141780322892,25.3857832102762,25.509574437518122,25.51000000000002
86,28.14801263958854,25.242010334717282,25.373428836300036,25.506772250680424,25.51600000000002
87,28.4785466219008,25.268197581446607,25.392567889466253,25.51964643582545,25.52200000000002
88,26.295526103379395,25.29882657789218,25.428885093093,25.550511191227812,25.52800000000002
89,25.233894006358543,25.305233447880994,25.43560632129944,25.556671147989324,25.53400000000002
90,26.7028131442324,25.32132740198675,25.457254581656336,25.589829102624375,25.54000000000002
91,26.697443800044137,25.325869678775074,25.459903884576867,25.58649224145833,25.54600000000002
92,27.236801387872585,25.335219906218118,25.482054605664572,25.63459365240984,25.55200000000002
93,24.85335462099372,25.33904742210311,25.47611469424976,25.60785355956645,25.55800000000002
94,25.060864769727598,25.334771395514075,25.462450207978705,25.583791274606945,25.56400000000002
95,24.72153201904261,25.30145655598784,25.429068324628403,25.56237140001781,25.57000000000002
96,25.18220927548017,25.346926441503335,25.469922032616715,25.59402085918591,25.576000000000025
97,27.15394823621069,25.283296345527653,25.42327214504643,25.567989424509502,25.582000000000026
98,26.97863988718509,25.26415294690132,25.424925245031886,25.568916491288327,25.588000000000022
99,24.776046577977358,25.268421021493918,25.425309986024452,25.57326707993225,25.594000000000023
100,25.91379981029172,25.28623680661908,25.441787893755958,25.592996456021936,25.600000000000023
101,26.1325371605338,25.309726145167964,25.448281410197616,25.592098950701434,25.606000000000023
102,25.31218076169536,25.326888046244203,25.460946283848966,25.601205634836187,25.612000000000023
103,27.024986082637547,25.293147864956484,25.44986601819588,25.59645342649413,25.618000000000023
104,26.26051024381949,25.242062930302605,25.444385125972204,25.60258471684506,25.624000000000024
105,24.35855357051242,25.237514310396833,25.439473662700163,25.594382759379524,25.630000000000024
106,25.465333954984672,25.190953659693285,25.43643905200275,25.60064983892594,25.636000000000024
107,26.52375538160444,25.219980701324523,25.445820907879003,25.611065255323588,25.642000000000024
108,27.141732502732896,25.182661344270052,25.44879548104629,25.62158814384949,25.648000000000025
109,25.85751412453765,25.17701395521126,25.448555148002086,25.619389407033296,25.654000000000025
110,23.850148467559364,25.15614335527174,25.449894896674188,25.62215737015423,25.660000000000025
111,24.78255271291148,25.19435919064322,25.46218837688864,25.634899228714925,25.666000000000025
112,23.08714715227562,25.212239411592964,25.474911895092053,25.647093875154503,25.672000000000025
113,24.594972521407133,25.179002303832448,25.461047628273374,25.640645677299386,25.678000000000026
114,25.69665425775703,25.269346963786187,25.495199447190302,25.65078647529725,25.684000000000022
115,25.86357861119132,25.343021854460897,25.514881912218456,25.663954898196852,25.690000000000023
116,27.14539922635209,25.317073634632713,25.52058568708124,25.676720611037886,25.696000000000023
117,26.780855020647707,25.28123474223618,25.511543935463134,25.66958771393649,25.702000000000027
118,26.368880631098992,25.260414411698537,25.51408462746023,25.675854793482905,25.708000000000027
119,27.125612750986573,25.303810005203495,25.525280269023387,25.68585219574742,25.714000000000027
120,24.11714832530149,25.33678086852591,25.5419848166555,25.70150044529865,25.720000000000027
121,25.451760999239376,25.392061938629933,25.554631598498993,25.70224641870905,25.726000000000028
122,27.33350738291562,25.37883913472379,25.561032916857066,25.704548930853377,25.732000000000028
123,26.805988939636578,25.402621389257593,25.567548924492087,25.714459698766742,25.738000000000028
124,27.75143335878092,25.436411675111174,25.591278173923875,25.742874644608975,25.744000000000028
125,26.84029400624816,25.455357270328324,25.597243581838278,25.734706637189582,25.75000000000003
126,26.70762084496169,25.45621530380599,25.60583395239543,25.739006445310697,25.75600000000003
127,28.257929564342035,25.524660512958977,25.640322308676453,25.76579304774151,25.76200000000003
128,24.434389575132585,25.471953849407313,25.620481005820857,25.76839843060793,25.76800000000003
129,24.153714412986385,25.508972906662972,25.63128870636102,25.765561191696374,25.77400000000003
130,25.58754511119689,25.55270794378562,25.666790943637327,25.793427433608773,25.78000000000003
131,27.514929239745893,25.584380315910497,25.70269039473872,25.821094641349312,25.78600000000003
132,26.37195001397141,25.570060818228466,25.685527787085206,25.80963219978394,25.79200000000003
133,25.621348143415453,25.588886844370244,25.705109927360525,25.818167973628622,25.79800000000003
134,26.681292655361304,25.609137475112103,25.731918291535784,25.85575020531124,25.80400000000003
135,25.397801146406533,25.598537118163954,25.715030385226065,25.827322041302548,25.81000000000003
136,25.93592461023281,25.61876092020129,25.738291078510862,25.856386595080263,25.81600000000003
137,28.001955095547054,25.616897703169112,25.732802443473027,25.846898806124138,25.82200000000003
138,26.31068190940777,25.626492276072035,25.742023040214068,25.859193021968284,25.82800000000003
139,24.19827075278091,25.610521558860253,25.722082544302218,25.843171709762235,25.83400000000003
140,24.73364361017348,25.6061884004855,25.71898443263938,25.850270416104397,25.840000000000032
141,26.1442751248674,25.619669637563078,25.731001908475882,25.853531789959032,25.846000000000032
142,24.60947511437289,25.63276783680609,25.746996421269564,25.867730034211192,25.852000000000032
143,26.226461423462343,25.634989709954667,25.74642911942669,25.867128830488518,25.858000000000036
144,26.13212395918791,25.64990684782948,25.76404913349546,25.884257940728453,25.864000000000036
145,25.885400836689826,25.647534896735884,25.75802237974228,25.87887924748803,25.870000000000037
146,26.910785375220804,25.63925730971511,25.75263233737011,25.881972865483313,25.876000000000037
147,26.795992152018464,25.657506838245443,25.765479721803644,25.89111196783181,25.882000000000037
148,25.69085330123267,25.675547766001877,25.787472567285803,25.908140190626604,25.888000000000037
149,26.446013225394235,25.679578491385502,25.79043099974062,25.907026932361553,25.894000000000037
150,24.66696930172497,25.69083594598039,25.80382552942136,25.920513571073474,25.900000000000038
151,27.19520722649247,25.70359115744539,25.814575567452202,25.928623219716794,25.906000000000034
152,25.215676348600063,25.70812670936483,25.81725702186283,25.935208316818233,25.912000000000035
153,25.890738446008967,25.7186757329643,25.82904480000963,25.94217936171031,25.918000000000035
154,26.09994304595139,25.740715101099457,25.86476975993267,25.98677724897738,25.924000000000035
155,25.66458181230887,25.738601212743376,25.850264608697792,25.964017871388265,25.930000000000035
156,28.104437780326908,25.729842462909247,25.83971907568057,25.958379190367587,25.936000000000035
157,26.967060528124605,25.75726820047267,25.88618451567566,26.012069078489603,25.94200000000004
158,27.14078592798292,25.767156101965828,25.892108959374834,26.01779218412345,25.94800000000004
159,24.81893857435918,25.770026770962208,25.887193608067342,25.99933837012438,25.95400000000004
160,25.87956439923618,25.756228844641825,25.864085090259465,25.98286798085274,25.96000000000004
161,24.03928548960007,25.781684653335645,25.90081588389553,26.014219347381996,25.96600000000004
162,25.591080897932883,25.764821274124657,25.874613010907673,25.99227824637144,25.97200000000004
163,25.96976370852705,25.79911221191298,25.919367412962615,26.038563405523472,25.97800000000004
164,25.755504873903163,25.807724650663157,25.932285019630893,26.05715561334914,25.98400000000004
165,27.71954362232382,25.81049299727295,25.942005088431145,26.068302372579016,25.99000000000004
166,26.49410444650595,25.820694193992043,25.95395525447161,26.08389671640079,25.99600000000004
167,26.217785576180496,25.827583679831566,25.9819734439014,26.125255850769953,26.00200000000004
168,27.866900487106545,25.836628804442032,26.02183869788243,26.207348335053673,26.00800000000004
169,26.65313341276161,25.8404285745573,25.990942225338983,26.130667127630222,26.01400000000004
170,27.396030167593327,25.847375106433663,25.997302774573903,26.14369104604614,26.02000000000004
171,27.424999096095338,25.853482205165236,25.993153998866468,26.116421172814704,26.02600000000004
172,27.41913694654246,25.860014377468744,25.990130629409084,26.11695418525214,26.03200000000004
173,27.184819794951704,25.863078721153876,25.982064044757653,26.10157254177078,26.03800000000004
174,24.54257639714448,25.871965943001136,26.0005103734938,26.12698284260519,26.04400000000004
175,28.04300914905908,25.8771729042576,25.99637090085762,26.11543777703981,26.05000000000004
176,25.585123666965007,25.878548378265556,25.994556618959578,26.111046559077835,26.05600000000004
177,26.996434043693284,25.89047487394344,26.01319699203804,26.13075114126563,26.06200000000004
178,27.111502393022,25.89919157757346,26.041025448028304,26.177777950893105,26.06800000000004
179,24.230090300713638,25.90368617012518,26.024122093490867,26.141944194773178,26.07400000000004
180,26.786451549430968,25.912872095482868,26.07464809358912,26.226465994138426,26.08000000000004
181,28.59823491675096,25.917939627308332,26.060531256719308,26.189703603746082,26.08600000000004
182,27.00842072400059,25.9196037494463,26.036794432671982,26.15758935040221,26.09200000000004
183,26.841183947535384,25.921653722077885,26.02743804827285,26.139442679371204,26.09800000000004
184,26.27345253781481,25.929617140314765,26.036938494191045,26.1549071903147,26.10400000000004
185,23.1189370266464,25.941820625523558,26.061411524002207,26.177731466259367,26.11000000000004
186,27.664808817971267,25.944037092822715,26.05831404297953,26.176324085891792,26.11600000000004
187,28.599932150874796,25.942146474126368,26.047201762398196,26.15882162714723,26.122000000000043
188,26.859551291735144,25.914744389401097,26.021065043910315,26.147351633585046,26.128000000000043
189,24.633386136887395,25.931058205622886,26.031308829812914,26.14541540534639,26.134000000000043
190,25.367826274349877,25.95674069310663,26.05557404940439,26.165893692486,26.140000000000043
191,25.814718422207477,25.95618662576429,26.05271454349322,26.16524613603177,26.146000000000043
192,24.97488907063721,25.96669702881724,26.06277104950979,26.178583775083084,26.152000000000044
193,27.195370384021174,25.958009168057448,26.058263621523274,26.170703790396047,26.158000000000044
194,26.454521172906382,25.938558754352147,26.050297521121045,26.17276358722866,26.164000000000044
195,26.66256745929473,25.97898297901474,26.075432742005148,26.187871689132955,26.170000000000044
196,26.873391710036064,25.995265222123685,26.08883937864426,26.20383659319478,26.176000000000045
197,29.31640299956416,26.005992213139713,26.111666624988935,26.221893633956707,26.182000000000045
198,26.98276430830415,26.00428477444469,26.099633666369662,26.213413575346845,26.188000000000045
199,27.172329452294317,25.990938828083426,26.09136050156731,26.205644709326368,26.194000000000045
200,26.82394150879895,25.971468079853153,26.08876770456092,26.212239452745763,26.200000000000045
201,25.143008027993417,26.00603872339375,26.105516251015487,26.218127808653268,26.20600000000005
202,28.38498412296578,26.038302052935833,26.137405659362138,26.247813921870566,26.21200000000005
203,24.262250763077446,26.032983346841302,26.130862254880746,26.23860380723341,26.21800000000005
204,26.353091064382813,26.049366240771974,26.14046053074931,26.256026467963764,26.224000000000046
205,27.659881242969654,26.05835382949598,26.162548807365503,26.27156696916966,26.230000000000047
206,27.2311873436312,26.065051264476402,26.16962521656383,26.281376196294744,26.236000000000047
207,26.910470243566284,26.070819608941616,26.16304572810318,26.271840450889417,26.242000000000047
208,24.70470832144817,26.054053077769503,26.152793352348574,26.27627253005216,26.248000000000047
209,28.51810814802147,26.08254563788061,26.173504275692657,26.28261138757111,26.254000000000048
210,25.30114644219564,26.09866381664287,26.20373307388624,26.320775292733504,26.260000000000048
211,28.002005994062163,26.107161490594173,26.221434724856977,26.342064188186825,26.266000000000048
212,26.02728314903583,26.108231785804364,26.21304115983802,26.332313536523223,26.272000000000048
213,26.550933623665465,26.1057584811429,26.19771693700359,26.307248900496425,26.27800000000005
214,26.665775023939,26.11749825082868,26.21657735840973,26.327575103200516,26.28400000000005
215,25.187686491788224,26.132403202874727,26.24463147816669,26.364401306641394,26.29000000000005
216,25.257961361032795,26.13761857732529,26.242758754503175,26.361788694591386,26.29600000000005
217,28.21710960535735,26.148347691747794,26.26724341289788,26.3817198255094,26.30200000000005
218,26.386470433032613,26.16021523575207,26.30036434761213,26.440670838674556,26.30800000000005
219,25.46739150471777,26.157570305398142,26.264145099657355,26.38220519066936,26.31400000000005
220,25.04663573009591,26.15747499963465,26.25392704531545,26.36933509634932,26.32000000000005
221,27.23318557199534,26.15440389084007,26.24921372324981,26.35753768373051,26.32600000000005
222,26.59810841242751,26.169345240775364,26.261337776775328,26.370557270337144,26.33200000000005
223,25.958575587241324,26.181562429442295,26.286038065833225,26.400847630093008,26.33800000000005
224,23.99435978771156,26.197356840730308,26.318012919628714,26.44863038501317,26.34400000000005
225,23.89933839568556,26.203587030943307,26.32483148884024,26.445960630755195,26.35000000000005
226,27.34379299638116,26.20360888071277,26.315147499506665,26.437643608614348,26.35600000000005
227,27.462169229561727,26.2082478808021,26.31530669945525,26.432717383237204,26.36200000000005
228,24.24631963095419,26.20258595593917,26.294640527923544,26.405859138088342,26.36800000000005
229,25.876684543679666,26.205668961608705,26.29897937677986,26.407739914840317,26.37400000000005
230,26.793186308550798,26.232977657228545,26.35081496572522,26.480031946026493,26.38000000000005
231,25.59868458109936,26.237191290164112,26.350540247283632,26.468113285467908,26.386000000000053
232,26.620402056544343,26.238768752525033,26.342412745724438,26.463580049872668,26.392000000000053
233,25.642233057713472,26.23955730124285,26.329572351238454,26.437319414458024,26.398000000000053
234,26.014371218661157,26.249893853185643,26.34383991961541,26.46049340236565,26.404000000000053
235,28.74436109564634,26.260922717335166,26.3649229990351,26.48271782017436,26.410000000000053
236,27.68819552692732,26.265130568882327,26.370882874451603,26.489208534171937,26.416000000000054
237,26.817303457298536,26.27572508585792,26.388480586876973,26.501814721268776,26.42200000000005
238,27.46743316441828,26.28738857849708,26.405014701133254,26.53629984421028,26.42800000000005
239,28.90123463592785,26.288780968178,26.398182775207907,26.520240334198096,26.43400000000005
240,28.33054595402009,26.306790663771448,26.46605195341784,26.64937146028574,26.44000000000005
241,25.85699691973668,26.308023900691982,26.430562178602486,26.556047755392168,26.44600000000005
242,25.617378881500976,26.30848438223658,26.420412883040257,26.54581567395254,26.45200000000005
243,25.15925267968621,26.320197224614837,26.43859489678011,26.559389177016442,26.45800000000005
244,28.85480388275208,26.32096691132205,26.427866137749565,26.551849337989864,26.464000000000052
245,29.13936042980463,26.33326304294861,26.45232330434009,26.57548602699619,26.470000000000056
246,27.551941133543423,26.342010472231014,26.465638332524826,26.602654026861778,26.476000000000056
247,26.37476254275773,26.349289599553497,26.482327855548107,26.625695575976646,26.482000000000056
248,26.552197276829077,26.35629879185452,26.491992389736723,26.645743381035285,26.488000000000056
249,28.10568479038693,26.36085332490202,26.486534503697264,26.621793893667096,26.494000000000057
250,26.87168829957173,26.3598653225227,26.464720289759164,26.591095739930754,26.500000000000057
251,25.609082698936376,26.367499344826918,26.479025947024,26.60268265581735,26.506000000000057
252,28.222609624855803,26.372534936773143,26.474130112469943,26.597046321537626,26.512000000000057
253,25.867799177864057,26.375253405725143,26.47536035742491,26.595142516496935,26.518000000000058
254,28.796562464231133,26.356963659943077,26.455964516303872,26.566518472258014,26.524000000000058
255,25.77411323964745,26.380365474226686,26.470442386996563,26.57644286235148,26.530000000000054
256,26.63341474068226,26.395789769386255,26.495293959156633,26.613839224322113,26.536000000000055
257,27.5811468489501,26.399402255887868,26.497367361192154,26.614719945294667,26.54200000000006
258,27.04043895328075,26.3899421083883,26.486747311267973,26.595144281969862,26.54800000000006
259,27.16838157914198,26.407383690245712,26.496485979074457,26.60181580376389,26.55400000000006
260,25.51260435220915,26.381562983965292,26.487799152838463,26.60777374718963,26.56000000000006
261,28.47773310964516,26.39420026290153,26.497182299917156,26.603216931985006,26.56600000000006
262,27.83589126420261,26.421820437286254,26.51524725733664,26.62465163885647,26.57200000000006
263,25.59423535759086,26.402807167657034,26.50817273402295,26.61085726555806,26.57800000000006
264,25.81198927100656,26.445334597631255,26.533317498964855,26.65198203242846,26.58400000000006
265,25.433274072561044,26.451823482785393,26.53899236659401,26.645653289971342,26.59000000000006
266,26.85629754244288,26.451110979351828,26.54202139916312,26.654191950895395,26.59600000000006
267,27.227770786518267,26.396206333393636,26.515928865295336,26.629755585746064,26.60200000000006
268,27.07268213040083,26.41366982124222,26.530727490892698,26.64901632351017,26.60800000000006
269,25.993814644976037,26.462008174518186,26.556947023413965,26.664606340678578,26.61400000000006
270,28.12960135336692,26.487388566541515,26.578899166175578,26.697074152432826,26.62000000000006
271,28.85026801304972,26.459744211292225,26.56305576541953,26.670464590007295,26.62600000000006
272,25.822770979710448,26.500862984832082,26.594978133480772,26.718270348900855,26.632000000000065
273,25.14084334776105,26.5044374096737,26.603551710631987,26.722051823862714,26.638000000000066
274,26.66054101993217,26.502051992190683,26.593677904719357,26.707833153351007,26.644000000000062
275,26.59051203948973,26.517519404314545,26.602986248632227,26.712414551295627,26.650000000000063
276,28.56087155801785,26.47656882211385,26.58796342372237,26.708809468947763,26.656000000000063
277,26.58922352861326,26.41615278683322,26.568128801689195,26.67710843926809,26.662000000000063
278,27.87617437386497,26.415150430023612,26.572623253011713,26.692813334644104,26.668000000000063
279,29.05646373916877,26.418207770734735,26.576319825193167,26.693511285216005,26.674000000000063
280,27.15967124358572,26.42401334786614,26.58643444493968,26.711389205469377,26.680000000000064
281,26.601711845470238,26.4126662711528,26.583841476590635,26.702484528465945,26.686000000000064
282,26.96750919927877,26.465107150890702,26.607581258683048,26.722154845613456,26.692000000000064
283,24.22471786561211,26.501856027939812,26.623132697949114,26.729606574929292,26.698000000000064
284,26.31902609382826,26.497038718520827,26.628625508246962,26.74485681484381,26.704000000000065
285,27.848828639069865,26.44254819480898,26.611699166842865,26.728019712890507,26.710000000000065
286,25.19022798599091,26.42835145676528,26.613659574606046,26.736268148935437,26.716000000000065
287,27.974779208236107,26.393637575838923,26.608203145531625,26.737075695615083,26.722000000000065
288,28.928483441719777,26.39423765885793,26.61671353039479,26.758834928268833,26.728000000000065
289,25.00110291452773,26.444305425504105,26.630342315427583,26.749713045568853,26.734000000000066
290,24.745787815942226,26.338863258615895,26.609610858332953,26.754062964403452,26.740000000000062
291,27.444518528388212,26.374417720746244,26.62114830220481,26.761748990467957,26.746000000000063
292,25.92487464838469,26.41715393282531,26.641319883155575,26.78328831670575,26.752000000000063
293,26.89670231455975,26.39992562427781,26.63733431841046,26.772890376022414,26.758000000000067
294,28.28896741900496,26.369188688081316,26.63682291635741,26.7791661798954,26.764000000000067
295,26.11802605874829,26.428514684912027,26.655407901995996,26.787330637221576,26.770000000000067
296,28.15522217920298,26.459994749344382,26.673470180042372,26.807741705142664,26.776000000000067
297,27.035995535285053,26.557165211313436,26.702662006559187,26.80909970544342,26.782000000000068
298,28.725548292345024,26.55574591041499,26.708980632087325,26.819968399361123,26.788000000000068
299,25.73099669999427,26.55765641958599,26.714286118829094,26.820259056667595,26.794000000000068
300,29.709149250934367,26.541348350090455,26.716937152345338,26.836761527553048,26.800000000000068
301,28.236260458649284,26.541407980233835,26.717638621310464,26.827462144816693,26.80600000000007
302,26.696514838669565,26.47200261730838,26.702909650140942,26.8319980897754,26.81200000000007
303,27.648151514621397,26.49621398991187,26.71271866943984,26.838579737932037,26.81800000000007
304,26.424326641541008,26.52047769990502,26.727612999696063,26.859483457197257,26.82400000000007
305,29.056178294027934,26.479514136702573,26.715504143946617,26.848184299237072,26.83000000000007
306,25.7101848943015,26.464007394411453,26.719744689691005,26.857336283947323,26.83600000000007
307,26.85022831915169,26.475832890229718,26.72533224618057,26.863670832490307,26.84200000000007
308,27.509454364333703,26.50790857735022,26.742489457535633,26.881101870453413,26.84800000000007
309,27.25869266163596,26.501430426827028,26.74054287163726,26.87327398958559,26.85400000000007
310,26.23743615924247,26.51911415315037,26.754514098634637,26.882799242064586,26.86000000000007
311,29.93791981995061,26.56886403296015,26.771325724661136,26.889009026662233,26.86600000000007
312,27.33377431591618,26.525213037780443,26.766576431235052,26.905555258890328,26.87200000000007
313,26.88695201781697,26.456472383381858,26.746615565509686,26.898337100423188,26.87800000000007
314,27.033179140763927,26.408308734466555,26.73883139303596,26.904598284338903,26.88400000000007
315,24.117997248853595,26.44451753505885,26.75007583404205,26.913365604493062,26.89000000000007
316,28.19638665913063,26.45858359949261,26.764705213108677,26.92188583563615,26.896000000000072
317,27.82088368701444,26.459047513440762,26.76145688836153,26.923381836086048,26.902000000000072
318,23.875372735583685,26.492610371803327,26.784673019532896,26.929643020001762,26.908000000000072
319,29.50104044602095,26.455737154475322,26.770586109294012,26.937836134494052,26.914000000000076
320,25.0199305478868,26.462486404245407,26.782995342416214,26.947476974809124,26.920000000000076
321,28.116001873258607,26.482486359868297,26.785705075194883,26.948426571748907,26.926000000000077
322,29.989363611145823,26.49896928647863,26.804364990891287,26.954687755664622,26.932000000000077
323,24.835540490906013,26.562290164125255,26.823880135374168,26.962306664495042,26.938000000000077
324,28.08848881394008,26.548641925445324,26.82919621002211,26.976779040468294,26.944000000000077
325,24.603891413165066,26.61318134169763,26.849392822572945,26.974541929495537,26.950000000000077
326,27.68241347895734,26.658607468458012,26.872098237622485,26.988970928320583,26.956000000000078
327,28.400702370437152,26.685245303797224,26.882886202518144,26.992230030797096,26.962000000000074
328,24.67076959340741,26.718373689563084,26.900149465055016,27.01317453962722,26.968000000000075
329,26.35135299217283,26.748199184126012,26.909981201282804,27.009214072192115,26.974000000000075
330,25.588128705822413,26.759655485097294,26.918779571212816,27.03039530049226,26.980000000000075
331,26.930684919894528,26.78673446715991,26.93219376845572,27.035847208971155,26.986000000000075
332,29.301093949510207,26.83471013720152,26.953376183403428,27.074217168618933,26.992000000000075
333,29.730593661309552,26.82866529545126,26.952793445175686,27.067186057895903,26.99800000000008
334,26.74140235646033,26.876205785250086,26.977957813471498,27.108839484902084,27.00400000000008
335,25.737821526289785,26.86446745059133,26.975320209237076,27.092060439517308,27.01000000000008
336,28.1822742474558,26.896959852775062,26.997190386501938,27.13829026435218,27.01600000000008
337,29.13066015876432,26.91679390726271,27.009046608813602,27.140092154250855,27.02200000000008
338,26.360774486288964,26.93120065418405,27.01690792041946,27.156828841799612,27.02800000000008
339,25.4641043755182,26.93271865227981,27.010602773772224,27.13044795655601,27.03400000000008
340,26.82597875336939,26.938936181016906,27.01282270555206,27.13534826003301,27.04000000000008
341,28.26529738514168,26.939885717455823,27.011678887179386,27.121676003482566,27.04600000000008
342,28.477108347813964,26.897981884242924,27.02526078307126,27.172942223554607,27.05200000000008
343,27.732234110777025,26.909312031116013,27.023936303536225,27.134307463238233,27.05800000000008
344,28.807834549666293,26.912372530194084,27.027299172309142,27.14532634718581,27.06400000000008
345,26.34215052758857,26.927236491553263,27.014120832019266,27.118842697986576,27.07000000000008
346,28.89281868706612,26.918834808898897,27.01911138997761,27.133097443902752,27.07600000000008
347,27.583206883677057,26.925895710003733,27.032597673848226,27.13855482427024,27.08200000000008
348,26.70058525860505,26.932864524191956,27.03943405229008,27.15076771327672,27.08800000000008
349,30.273496925867374,26.964958125091364,27.05593635117114,27.172787578158033,27.09400000000008
350,26.877232539907247,26.99728859669184,27.08051000518314,27.212101581891524,27.10000000000008
351,26.59103706931136,26.99999571896369,27.07573305490053,27.187199733572616,27.10600000000008
352,28.076991363674686,27.014468544578605,27.088267875826816,27.20072659039598,27.11200000000008
353,26.31653527796897,27.014044557416735,27.088506737887148,27.193078962381705,27.11800000000008
354,29.6259204274138,27.010146485478682,27.087657764117896,27.203439984621166,27.12400000000008
355,28.37720456573149,27.006579891851107,27.086632721407895,27.194738278589437,27.13000000000008
356,27.198720159259477,26.984796438806537,27.100213872530475,27.220017892198342,27.13600000000008
357,27.597209347886853,27.03945834852748,27.122982892704762,27.25272049935378,27.14200000000008
358,29.03417054608108,27.023450795280173,27.135816858690564,27.289914485574194,27.14800000000008
359,27.91894588159852,27.066708849877166,27.154014387465253,27.29607957885636,27.15400000000008
360,30.55043989214439,27.072048644101717,27.153826432373336,27.29816422893316,27.16000000000008
361,26.565490373847997,27.077376497772203,27.154572051337702,27.283547723677227,27.16600000000008
362,27.168028736095188,27.076785943417395,27.160973250558694,27.299999014439194,27.17200000000008
363,26.86111180406464,27.090193905224307,27.168063864442296,27.287094842427233,27.178000000000083
364,27.578097958858205,27.094680390149907,27.173396522495764,27.306280515566353,27.184000000000083
365,29.35145851295155,27.080083211323867,27.167411552537146,27.29268242231598,27.190000000000083
366,27.5032195041667,27.09489402970437,27.177987337104312,27.310742227833234,27.196000000000083
367,25.84460005446418,27.11297199893661,27.193868852717294,27.333970095081302,27.202000000000083
368,25.829746230973125,27.07467429270154,27.178713800550945,27.302565405389252,27.208000000000084
369,30.30958900237136,27.082704398033258,27.185306906474906,27.30485035337273,27.214000000000084
370,28.042070177640323,27.111776965034085,27.189465554454287,27.30495081585463,27.220000000000084
371,28.753058460617844,27.108980514105795,27.190926008628274,27.299277788057577,27.226000000000084
372,27.890627435848597,27.08850545316088,27.18771670245336,27.310791849517248,27.232000000000085
373,28.532239490192005,27.07648219077974,27.177958528591805,27.29973359032672,27.238000000000085
374,25.69463237641514,27.091275152705723,27.199316724755974,27.314982867151187,27.244000000000085
375,29.77111014320458,27.071166192072866,27.20079083314534,27.30844137967566,27.250000000000085
376,29.62162593194952,27.10386622989173,27.207026679559696,27.335670996647877,27.256000000000085
377,27.98885379867975,27.10469482076508,27.206664660366556,27.327590798478994,27.26200000000009
378,25.18241130675468,27.063016314215446,27.20012835181305,27.331141334535218,27.26800000000009
379,30.71470412185161,27.017863034741175,27.210690548051236,27.344553827683125,27.27400000000009
380,30.04276505075175,27.02007065670842,27.228880087727127,27.36952420326183,27.280000000000086
381,29.15420739812332,27.04387197744114,27.235333546995793,27.37992711016766,27.286000000000087
382,26.240503832645537,27.022197732773122,27.23737795217068,27.380973045761266,27.292000000000087
383,27.65999240425297,27.00557709504493,27.241218447613903,27.382978999096398,27.298000000000087
384,27.71564278501646,27.027600649022485,27.236538413472633,27.376729698466864,27.304000000000087
385,24.702365733828103,27.04380538797485,27.225397241956408,27.37481245788617,27.310000000000088
386,28.178994974612248,27.096455502172503,27.2518920710532,27.385317771479023,27.316000000000088
387,27.796278399636066,27.133107852424494,27.273995411457037,27.40776747059401,27.322000000000088
388,26.091493390214247,27.143476698003393,27.289611479735655,27.42313070748432,27.328000000000088
389,29.8175357965092,27.13044853767299,27.289891266924748,27.426533953993328,27.33400000000009
390,28.698097522197,27.16698231495842,27.301994077752745,27.43316006825165,27.34000000000009
391,27.09285938056306,27.15954034263845,27.313403192076105,27.479947679414202,27.34600000000009
392,30.706115727993645,27.15084615853999,27.319861635144406,27.493256224137642,27.35200000000009
393,28.063066123967825,27.13025317928002,27.32320090076685,27.52975719828463,27.35800000000009
394,28.36128410875557,27.180042151354122,27.33393690769502,27.574901806055067,27.36400000000009
395,28.65231705532567,27.177887743125865,27.33999093553374,27.534795282294485,27.37000000000009
396,25.93824427985034,27.170947304736334,27.350297181488546,27.51362311639795,27.37600000000009
397,26.451245254740805,27.2195868093069,27.35664073602488,27.491300538992718,27.38200000000009
398,29.48784211533774,27.24234525463055,27.362310065159807,27.494973134966777,27.38800000000009
399,28.97961598611311,27.159212310471148,27.36772095480793,27.501641936677224,27.39400000000009
400,28.62520342730442,27.19012257595676,27.364866617620756,27.491662284225917,27.40000000000009
401,28.83439796965093,27.175653605780923,27.357437080005194,27.489014595924257,27.40600000000009
402,28.791760468611542,27.180828478148783,27.35263255683243,27.482290465127,27.41200000000009
403,24.725289972529733,27.15394014963799,27.35603795303625,27.480626569697208,27.41800000000009
404,27.74155381001004,27.181619927227967,27.37162393170625,27.48864045538822,27.42400000000009
405,26.787876971226023,27.14701574607022,27.37475819179754,27.492953157720876,27.43000000000009
406,26.728662452937,27.174775162815227,27.382636552579445,27.507437052327564,27.43600000000009
407,27.08735462855815,27.192500028356996,27.385075673624325,27.513502506161945,27.442000000000093
408,24.9355419640234,27.197422075857805,27.388879256480585,27.51598861438208,27.448000000000093
409,28.208026498022853,27.171707280877836,27.386207464375865,27.5165688871533,27.454000000000093
410,25.53417394444024,27.22688137153779,27.3874810430466,27.523277606201017,27.460000000000093
411,26.424126901911382,27.21089568409609,27.377545810910092,27.530507600509754,27.466000000000093
412,28.36925717856078,27.209625054607223,27.386421036228548,27.536073175787504,27.472000000000094
413,27.427204932073355,27.213137386559968,27.39016229645688,27.540208957237407,27.47800000000009
414,25.049519945123205,27.247144132552407,27.412216278331602,27.547225321757818,27.48400000000009
415,27.610008700232623,27.20283051576654,27.392806738996292,27.553687293941923,27.49000000000009
416,28.77246158535968,27.19862376401517,27.395043878994287,27.561664314960478,27.49600000000009
417,27.939543555647763,27.178968462472522,27.38378992201543,27.563841065106853,27.50200000000009
418,29.090419997968137,27.216113451879,27.41049668609852,27.573073210494236,27.50800000000009
419,27.12088892713558,27.242747057263188,27.415106339267773,27.580845078918184,27.51400000000009
420,28.405375113574323,27.25994318033447,27.43449071105129,27.590141064865314,27.520000000000092
421,30.11320009882244,27.266417376688022,27.428125259885796,27.593629548018733,27.526000000000096
422,28.74704240926214,27.263629987094205,27.442088094548474,27.600021782569005,27.532000000000096
423,28.454050003363744,27.255005877031326,27.45678156016486,27.615164085232134,27.538000000000096
424,28.581978825387136,27.240744732305107,27.475641180027527,27.635566584497166,27.544000000000096
425,28.142193501509723,27.256295743886906,27.47827165191692,27.627731728513112,27.550000000000097
426,27.259136385797436,27.233709729888346,27.478231035403873,27.632878548898464,27.556000000000097
427,28.913949788805816,27.257134902685046,27.476067616949955,27.63366582696843,27.562000000000097
428,28.93099027214679,27.24443213703114,27.495266013217375,27.645464209257053,27.568000000000097
429,26.851396849650158,27.229361717166945,27.487233774792283,27.651757039436347,27.574000000000098
430,28.682669748329182,27.24099116009746,27.512763947713548,27.658049869615642,27.580000000000098
431,28.211329144792103,27.242348130942702,27.503816207503395,27.666274030286022,27.586000000000094
432,25.798826582151385,27.230762698701138,27.49315566065802,27.665828981337214,27.5920000000001
433,24.451348811388925,27.238435758102916,27.491742201450684,27.669993177805555,27.5980000000001
434,28.90232215612344,27.23690828597799,27.50860560457503,27.67642273029883,27.6040000000001
435,28.097910232820496,27.27214067886198,27.50657090916497,27.682926737624012,27.6100000000001
436,28.711326729936403,27.287356570788045,27.52435101795175,27.700101763082596,27.6160000000001
437,28.866609644188845,27.283136714982092,27.517938091698404,27.695850681992223,27.6220000000001
438,28.61144779281168,27.28988985349773,27.54431953090085,27.702415580411827,27.6280000000001
439,26.648479705224897,27.28336183455253,27.527694618728226,27.70874062488849,27.6340000000001
440,29.62600544998581,27.29249412954006,27.554306223884826,27.72090744490589,27.6400000000001
441,25.89583090516546,27.29037268123344,27.558660936399196,27.72035674786544,27.6460000000001
442,26.177109576095,27.310146292887865,27.588394916071067,27.728232147656932,27.6520000000001
443,28.052981564261813,27.318864794211105,27.5943989498206,27.74402415927936,27.6580000000001
444,26.658554481385277,27.363223510111297,27.62459004408666,27.775423686276707,27.6640000000001
445,27.66565559607808,27.361550704107774,27.653793633114006,27.8220567243429,27.6700000000001
446,27.563341658993195,27.37108089360838,27.667969743930826,27.85447535494333,27.6760000000001
447,27.917411228505028,27.401391518535778,27.66865893714831,27.83703485511358,27.6820000000001
448,30.022961832914188,27.409989849823628,27.672617145855334,27.824772594644926,27.688000000000105
449,27.756532693584948,27.417905034422464,27.672207918210496,27.852494419291826,27.694000000000106
450,28.56253967465888,27.423661739929575,27.67771585861126,27.844358891370277,27.700000000000102
451,27.33443036075565,27.435748637566586,27.68264548643412,27.842573988211704,27.706000000000103
452,28.43289550711128,27.45142308805058,27.68439561829964,27.83152484112326,27.712000000000103
453,26.746125945809524,27.425586183072518,27.6810427267241,27.832246410259998,27.718000000000103
454,28.15013012342968,27.488402300264095,27.68764694326206,27.82680249567645,27.724000000000103
455,29.24481807808269,27.511160836304477,27.69697216847418,27.83548140257773,27.730000000000103
456,27.307179980886087,27.524984916654855,27.714810072770238,27.85875792901122,27.736000000000104
457,29.111684197721974,27.51606259994105,27.711952658017914,27.849575515562588,27.742000000000104
458,27.962852445822296,27.538614670759056,27.716644394235693,27.84092625925763,27.748000000000104
459,27.87577579058677,27.536446516160634,27.718248806639544,27.858772320041194,27.754000000000104
460,26.857210599694724,27.553511262781264,27.725871133211513,27.870418194923904,27.760000000000105
461,27.810986474335223,27.55787324749358,27.73772522951541,27.876747522471184,27.766000000000105
462,28.920183842651465,27.549726847610714,27.743519492648247,27.88308983672903,27.772000000000105
463,28.889094770363357,27.56605640515787,27.75227608599709,27.89216055855721,27.778000000000105
464,29.24014242612834,27.58486584007277,27.74159224578911,27.88286816193692,27.784000000000106
465,29.280748010079083,27.59984224246913,27.746200487882238,27.88495917466424,27.790000000000106
466,28.34906217808238,27.599652691121154,27.75559938524733,27.8854395745912,27.796000000000102
467,28.71359920187257,27.591110452696036,27.756859623038068,27.890634105709303,27.802000000000103
468,29.871011929962386,27.59137550082118,27.76432535752359,27.89690449093175,27.808000000000103
469,26.722977899117705,27.596649877108845,27.78725513876242,27.926866367185337,27.814000000000107
470,28.74063632327412,27.60944478575705,27.79569405822052,27.932016464391697,27.820000000000107
471,28.344470736363927,27.635593139236484,27.79907770458302,27.938463950661415,27.826000000000107
472,26.77127861155957,27.68215761428072,27.81214275928311,27.95101067195091,27.832000000000107
473,27.199422182907867,27.66931611933751,27.812395104039794,27.949562400009686,27.838000000000108
474,29.30408376401891,27.674672064978385,27.815998252557677,27.942862837082153,27.844000000000108
475,32.23816314743539,27.684252845564426,27.832531723206014,27.96622284100091,27.850000000000108
476,27.894270793055853,27.67904085155226,27.856780330548986,28.008433302108198,27.85600000000011
477,28.342029728651905,27.70887423008854,27.86692507357847,28.014586174025496,27.86200000000011
478,26.99496440108286,27.705907107759877,27.869825112235993,28.00945961946984,27.86800000000011
479,29.265859982953717,27.719680111547262,27.899470654529843,28.0715825830784,27.87400000000011
480,27.86277057422414,27.745712068467967,27.912536768342157,28.155195318755133,27.88000000000011
481,31.473916490051,27.731781847407007,27.906359030370034,28.103370448456023,27.88600000000011
482,27.688364247905884,27.759015249517972,27.923563917133155,28.10675533368576,27.89200000000011
483,29.76907313164912,27.778351869909073,27.924162557837484,28.09653238160371,27.89800000000011
484,28.88653749990564,27.793872891403282,27.934683040416452,28.117610436235385,27.90400000000011
485,28.12647990930136,27.800594812784134,27.933059753987568,28.092761555345323,27.91000000000011
486,28.88880506765932,27.817457015810643,27.94589965988252,28.122923328003427,27.91600000000011
487,27.508892763521267,27.820476751648243,27.953792100404087,28.168877412196643,27.92200000000011
488,29.17009208767633,27.830147635377926,27.962795405389812,28.1859858202446,27.92800000000011
489,29.27972210410233,27.842911629368352,27.96412916236155,28.168036088476747,27.93400000000011
490,27.66783770782593,27.857216881562287,27.973612986693546,28.174664463574025,27.94000000000011
491,28.743174823721542,27.864848717672345,27.987600946497622,28.193686035457386,27.94600000000011
492,29.78032793665122,27.90005802943917,27.986950951778173,28.161614322628942,27.952000000000112
493,28.261275870359693,27.90649559318077,27.99283502912209,28.148731025315875,27.958000000000112
494,32.05312099126811,27.90120885173706,28.009795591756067,28.16448389194852,27.964000000000112
495,29.562015104028028,27.914226446768534,28.01598117323229,28.18894214085322,27.970000000000116
496,30.23492766029517,27.930715962673776,28.02250954908834,28.20081367983073,27.976000000000116
497,26.91776623785209,27.92553967967911,28.02724466455725,28.187681719015757,27.982000000000117
498,27.07310172183101,27.933792163698627,28.03222461498222,28.216148460786698,27.988000000000117
499,29.418112990912757,27.95361963688738,28.034568553890786,28.177311650709676,27.994000000000117
500,27.560426306946656,27.95599913804515,28.037509998340425,28.184689221849695,28.000000000000117
501,29.833236145040555,27.95553626871616,28.04189700744803,28.198470099271518,28.006000000000117
502,29.09658078028427,27.972055710095354,28.070522486018156,28.247725929564332,28.012000000000118
503,28.770201255477915,27.974828108910593,28.07465797609946,28.24897554842381,28.018000000000114
504,29.770658056711984,27.992485715495715,28.088793989624776,28.289850751693024,28.024000000000115
505,28.04130316530632,27.988220418408595,28.085415073333856,28.252563313923797,28.030000000000115
506,28.090956931571544,27.992639188377037,28.089567643851293,28.24214330471896,28.036000000000115
507,30.679092017119704,27.991790060123723,28.08600367471464,28.231409532032895,28.042000000000115
508,29.78010201818921,28.01219279551308,28.10037473259333,28.258176414645018,28.04800000000012
509,26.01485204541733,28.018380311192562,28.108162223929998,28.258924504013446,28.05400000000012
510,27.6708072337668,28.024267887177835,28.10781714796817,28.239618070003317,28.06000000000012
511,28.624294913201123,28.004498469586636,28.10943326805132,28.245951934327472,28.06600000000012
512,31.17778136165817,28.03629138680244,28.122973918957342,28.250944043557435,28.07200000000012
513,25.80552368397264,28.028971117261012,28.121717462006636,28.240674016044313,28.07800000000012
514,29.017067924090604,28.039745875407803,28.12817742880154,28.25910633695479,28.08400000000012
515,29.86574448319312,28.041168288471322,28.123461562976722,28.256398836166934,28.09000000000012
516,28.16433736265328,27.999752847171965,28.140824084980757,28.270863678244027,28.09600000000012
517,27.879679250249225,28.052388293650594,28.146329464604392,28.27131239762194,28.10200000000012
518,27.357599920137154,28.050659565999474,28.1529342523338,28.300520169961917,28.10800000000012
519,28.95159664634737,27.999326392877034,28.150942785965526,28.271239688654116,28.11400000000012
520,28.879634106449817,27.920435229771865,28.156854022543,28.283447738677722,28.12000000000012
521,29.039248782521614,27.886732442917232,28.157701445530517,28.261530091271776,28.12600000000012
522,29.3606404936082,27.916251822734665,28.166439881956755,28.269124586965404,28.13200000000012
523,30.382650839827424,27.924993224656454,28.165414883632522,28.26814782932119,28.13800000000012
524,30.19319170891028,27.96175847604634,28.174096217888476,28.288877938744143,28.14400000000012
525,29.19744448556813,27.96793633223966,28.184012686324696,28.287294731951146,28.15000000000012
526,31.65226213513278,27.997589640518836,28.194099781561235,28.314619242424083,28.15600000000012
527,30.16599756618094,28.047384580955264,28.19845160175866,28.325362333893942,28.16200000000012
528,27.41784027572901,28.023940622356793,28.207869097546112,28.330769118275903,28.16800000000012
529,29.30793227603472,28.115741403971292,28.21385586934602,28.33935495369376,28.17400000000012
530,29.4428818096126,28.127267083215976,28.220532250255083,28.340115865546746,28.18000000000012
531,26.14298088324725,28.111313427978068,28.224370485737882,28.346975285275878,28.18600000000012
532,26.258807009457865,28.134330579599443,28.23720886974325,28.374479107633423,28.19200000000012
533,27.35204899432148,28.113527793592805,28.24694086091913,28.365735152834773,28.19800000000012
534,29.71179793467537,28.11575408401478,28.254372885176693,28.382182724174466,28.20400000000012
535,30.15708498262125,28.107464163955132,28.2563755024887,28.375479436362077,28.21000000000012
536,27.24220124727019,28.062890979237437,28.26855874174666,28.37737598553629,28.21600000000012
537,28.415532103978794,28.13858639450437,28.26585684819792,28.37639468561296,28.22200000000012
538,29.75286004606693,28.177114367453413,28.282699702435266,28.40657165078705,28.22800000000012
539,31.021771321751707,28.182505583080303,28.282766421575054,28.407413733888284,28.234000000000123
540,29.169567349369228,28.19004260262625,28.297516576036124,28.46187721672323,28.240000000000123
541,29.016765005509463,28.1647794688521,28.299404718555195,28.443873930780857,28.246000000000123
542,30.746129370261198,28.17354330748187,28.312437358427704,28.448250161304074,28.252000000000123
543,27.68131915591143,28.225028031097192,28.317970309752127,28.453562626355314,28.258000000000123
544,28.847074160016533,28.19607330506235,28.324435057750776,28.462069114245562,28.264000000000124
545,27.68470733640342,28.213428217208268,28.327944157177807,28.442862689033728,28.270000000000124
546,26.458015567956853,28.193001598616874,28.33704095840448,28.468510312060555,28.276000000000124
547,28.676077537992885,28.172744975048627,28.33680768310841,28.478123759329403,28.282000000000124
548,29.86216131224243,28.185492680148027,28.35225765387237,28.548202293727666,28.288000000000125
549,25.468362554209342,28.180521877146568,28.357748145364607,28.532811146596973,28.294000000000125
550,29.77709498000039,28.250230880062396,28.36107371887035,28.569017426979762,28.300000000000125
551,29.515197134398772,28.248217787138223,28.372867568012644,28.61159302001869,28.306000000000125
552,30.697716432698588,28.23687515275534,28.377008934479953,28.58945805664523,28.31200000000013
553,27.12448639612501,28.270637256040363,28.383201314914423,28.554428895553176,28.31800000000013
554,29.598049255004067,28.2882647748647,28.397522372782557,28.627422955544183,28.32400000000013
555,29.947661548071963,28.284361295512635,28.397052968664404,28.62216612672745,28.33000000000013
556,31.413521491692592,28.296741343484946,28.403007831269587,28.656732994008266,28.336000000000126
557,26.09629741550421,28.27987301648875,28.40193383266614,28.64132424058856,28.342000000000127
558,30.714544203660147,28.263206595019575,28.413854116282355,28.71082787623644,28.348000000000127
559,29.544837911562347,28.29791020329803,28.419571215551095,28.69813913193109,28.354000000000127
560,30.557325346565197,28.31723126113284,28.429172770985154,28.75120392336354,28.360000000000127
561,30.37340925800249,28.31540261198302,28.439920376489983,28.752643760652123,28.366000000000128
562,26.95026636168579,28.257709268248036,28.44219016121275,28.830170627342394,28.372000000000128
563,29.71750449887354,28.204397775879627,28.44654502692088,28.78917513966561,28.378000000000128
564,30.518987985338107,28.21300831038493,28.4490656943523,28.80263239237464,28.38400000000013
565,27.539866458066783,28.227581455828453,28.451402048112683,28.72660782947594,28.39000000000013
566,29.5718366712279,28.239239041315027,28.458719987314243,28.753813666490693,28.39600000000013
567,28.32547086364092,28.262909517745083,28.461347173500805,28.73181507903455,28.40200000000013
568,27.90165480777621,28.269193154986155,28.468191180385652,28.72029503300148,28.40800000000013
569,30.082579928446137,28.273721161977353,28.474001470771302,28.72006436687435,28.41400000000013
570,28.64497774937553,28.28100756051537,28.479616272941982,28.69784753194867,28.42000000000013
571,27.863133633466663,28.247468526542345,28.478949773616165,28.643526496538477,28.42600000000013
572,28.051592087245904,28.284563681133996,28.49012280943783,28.684229539407966,28.43200000000013
573,28.383292663555256,28.278711147441104,28.493966545233807,28.667547492668437,28.43800000000013
574,27.902745372858064,28.27211686007043,28.499146848599345,28.661128439934373,28.44400000000013
575,28.540623612057143,28.29006414216154,28.50695383894093,28.666889850691938,28.45000000000013
576,29.7911103244888,28.289085102222405,28.5131968698007,28.688493934661153,28.45600000000013
577,29.535189573335494,28.283964240066933,28.51865004005245,28.684838792118637,28.46200000000013
578,25.673306777003788,28.29699581552875,28.525551361701563,28.710219028209497,28.46800000000013
579,28.099495669070357,28.264219759176243,28.526818464890024,28.669174833603165,28.47400000000013
580,29.29395985485275,28.28897945479092,28.53982840780533,28.714061593814574,28.48000000000013
581,29.43005353310879,28.34734318708732,28.54995243304348,28.70853522826659,28.48600000000013
582,26.594645533796584,28.353386291424943,28.55348660257154,28.72218314521161,28.49200000000013
583,31.33674424184121,28.34154130826236,28.55802566801176,28.657641854130457,28.498000000000133
584,30.22055680720088,28.342535069407226,28.562369808760568,28.683419411700953,28.504000000000133
585,27.754059189788958,28.33244381968896,28.565143311935813,28.693967309815992,28.510000000000133
586,27.77307479807132,28.348766624130622,28.571679991719385,28.745530019208132,28.516000000000133
587,31.5246008469982,28.365747665831424,28.574769461673625,28.80018843091823,28.522000000000133
588,28.885840602276662,28.368366032841337,28.581536655094403,28.81758724041575,28.528000000000134
589,27.92235186082685,28.381243701533965,28.586547067113077,28.7401740652575,28.53400000000013
590,30.309036379510736,28.379328970129915,28.592606657001777,28.74338294044954,28.54000000000013
591,28.614931951865973,28.368298563463114,28.59760125462548,28.724751277548048,28.54600000000013
592,27.931785944729626,28.402071986326362,28.605423243255466,28.729894481240212,28.55200000000013
593,31.07237965580571,28.4254671872437,28.609926828149433,28.715968952763003,28.55800000000013
594,30.651862989913838,28.42759916036064,28.621529535594505,28.73811966127106,28.56400000000013
595,26.835615070650803,28.471942924225324,28.62555883559675,28.751486387294513,28.57000000000013
596,27.664424027038653,28.462519637467757,28.636939371540826,28.763501809434565,28.576000000000136
597,28.982832936536006,28.466952822656328,28.637477849655788,28.751012594658267,28.582000000000136
598,32.33436677128844,28.444333025754077,28.646233611355868,28.778142621773995,28.588000000000136
599,30.15696216211134,28.482276356843506,28.654726270650176,28.787768504282575,28.594000000000136
600,28.604794566014327,28.443784564606975,28.666319942535395,28.788835736221735,28.600000000000136
601,27.62589849346076,28.376879193334712,28.664000369585413,28.789584164489582,28.606000000000137
602,29.573232694927853,28.416844136255463,28.67195916488663,28.798463188745906,28.612000000000137
603,26.274124342846477,28.377604945622263,28.67477120108582,28.774984953694826,28.618000000000137
604,29.3218854923335,28.396218079912927,28.685919455350614,28.807605070187805,28.624000000000137
605,29.516828495350367,28.397479177409316,28.68258201493593,28.780610465217148,28.630000000000138
606,29.932739035463975,28.388828585201164,28.693338126399674,28.803358734076095,28.636000000000134
607,30.700339409916435,28.401502178566705,28.70011695248933,28.795120300881596,28.642000000000134
608,30.28046423655093,28.379833187879424,28.700157775151908,28.80610906870622,28.64800000000014
609,27.108996094538146,28.347350103319584,28.69610898798554,28.806819588686903,28.65400000000014
610,30.339843847325607,28.391440521867118,28.707721983548588,28.814493371293793,28.66000000000014
611,25.679367078407218,28.353363353867753,28.702725797867913,28.81755293387486,28.66600000000014
612,30.761144463221864,28.346798461246433,28.701797720338142,28.826299104586198,28.67200000000014
613,30.419491086920274,28.36022749694171,28.694224090825177,28.825959186068772,28.67800000000014
614,27.54823396254806,28.42238607728377,28.706680243886638,28.832366289159538,28.68400000000014
615,29.367262650731803,28.412243707113124,28.70454594386589,28.841298870683747,28.69000000000014
616,29.276764501908243,28.412842640809455,28.72538473526513,28.84914755050203,28.69600000000014
617,31.51517638053408,28.452042645307937,28.735372144838838,28.855873055112745,28.70200000000014
618,29.219238260168424,28.424611981037298,28.75043281129382,28.86215602915574,28.70800000000014
619,27.48106638044972,28.41687494291175,28.76129190112569,28.868942420300595,28.71400000000014
620,31.06922340119137,28.428794641529798,28.773542099768598,28.883014689009958,28.72000000000014
621,27.80441323016725,28.412459447297795,28.772520830159067,28.882470433929328,28.72600000000014
622,29.47664182536513,28.410394872846428,28.794779289383264,28.90845660630352,28.73200000000014
623,28.95267842238734,28.465019912075125,28.78857944148556,28.901421012120796,28.73800000000014
624,29.85652778695432,28.478201501130474,28.790167765807404,28.911751056735444,28.744000000000145
625,30.569474123437764,28.537730906481396,28.797033700408356,28.91067781324425,28.750000000000146
626,28.418478189733708,28.58207918659518,28.802132602887447,28.91716545743433,28.756000000000142
627,30.28865864711036,28.588879927766953,28.80710949825223,28.923530794133544,28.762000000000143
628,29.7549173913173,28.561565377477905,28.82155310419572,28.940390558321734,28.768000000000143
629,29.45261643258233,28.568837294948686,28.823213966659754,28.94328965263112,28.774000000000143
630,28.59671093703049,28.596764074309572,28.826971073640067,28.94440974507372,28.780000000000143
631,28.153731465748777,28.59184112696542,28.826580291437466,28.949187451182507,28.786000000000143
632,30.6949416661389,28.589486499954052,28.8399424184717,28.963407101911315,28.792000000000144
633,29.78181350357306,28.63341957907439,28.848010849605142,28.962588828047554,28.798000000000144
634,28.415177833055072,28.651515788425115,28.867090517359404,28.981150856750936,28.804000000000144
635,28.08102376934904,28.6036850608113,28.87193757000785,28.981200143939454,28.810000000000144
636,28.77576692846395,28.609096397743397,28.8878672749734,29.015843457893112,28.816000000000145
637,29.767574191866736,28.616105654436886,28.888026732905075,28.998085031907255,28.822000000000145
638,30.936487704116598,28.607393122007142,28.88449812044761,29.000998989138026,28.828000000000145
639,29.4503973130415,28.601661596739014,28.882718384580173,29.00256000793637,28.834000000000145
640,29.43055337750232,28.59051597167889,28.89503888726586,29.010170078213196,28.840000000000146
641,28.622547510053185,28.602006764115888,28.900783171717016,29.015954632665522,28.846000000000146
642,30.98477631347825,28.613341837283826,28.912029341288203,29.026846441963254,28.852000000000142
643,28.123997160583645,28.618421641779857,28.921451162147804,29.03152563324669,28.858000000000143
644,27.778270074276243,28.593396216276886,28.93447026334195,29.046485250966164,28.864000000000143
645,29.297023352462144,28.59707079276485,28.92292470086116,29.0386634260873,28.870000000000147
646,29.227715973967303,28.63667594121383,28.927904915644746,29.04225071283508,28.876000000000147
647,28.63680519570536,28.631168231978585,28.938260249820214,29.053817405518828,28.882000000000147
648,25.908137192226143,28.631483724297947,28.957089945806267,29.070467405638176,28.888000000000147
649,28.31030036823861,28.647325590750025,28.952704557018485,29.06496488020396,28.894000000000148
650,26.394344704656028,28.662301919486286,28.962925401983277,29.07156214599948,28.900000000000148
651,27.513404550473915,28.701603646489968,28.970418611354795,29.078125784489828,28.906000000000148
652,28.73963705425153,28.710599765220152,28.97855884200856,29.088736689843667,28.91200000000015
653,27.685900054341936,28.7110404501123,28.97787211345114,29.090329366581354,28.91800000000015
654,31.66833269970684,28.677804539612115,28.992756678755068,29.09719063988345,28.92400000000015
655,30.944715593573857,28.687828822103192,28.988868643524153,29.100729220819918,28.93000000000015
656,29.18909672131223,28.678565409806147,29.00791970999204,29.11600031283932,28.93600000000015
657,28.014944542942604,28.717839561090045,29.00817649301687,29.118345967297056,28.94200000000015
658,29.137637361433327,28.728264301082998,29.014658727001084,29.129260835440693,28.94800000000015
659,31.94309074468664,28.7427391896693,29.030036381993597,29.138420379089006,28.95400000000015
660,29.64213678952091,28.764476149779444,29.040051288169284,29.157696393066114,28.96000000000015
661,28.801026912135143,28.788236721553144,29.04020582002427,29.151171262104693,28.96600000000015
662,27.31174039696399,28.782580914306937,29.053711402627563,29.159810083776584,28.97200000000015
663,28.07237539832653,28.800877688422318,29.058350856646648,29.1730310254847,28.97800000000015
664,30.97212755343888,28.79767722906767,29.07505159900706,29.204304904170474,28.98400000000015
665,29.854139482326197,28.75899933162505,29.08566212587719,29.222938723664804,28.99000000000015
666,27.743038897904327,28.741655884194955,29.09515319059047,29.227388304061975,28.99600000000015
667,31.85258595242724,28.77987077239464,29.100585232460954,29.252957050806472,29.00200000000015
668,30.451594144124478,28.810659505608356,29.113633896561876,29.278368800116457,29.008000000000152
669,27.934848162577875,28.831817611235152,29.11957608002591,29.299226019942132,29.014000000000152
670,30.9136434868662,28.864281885993783,29.126735742127977,29.31702273510834,29.020000000000152
671,32.99433614283818,28.857341253014273,29.139299246526225,29.392898460123927,29.026000000000156
672,29.036443608189057,28.8556792404951,29.151952661600383,29.37671054615811,29.032000000000156
673,28.888284538936617,28.886472205792117,29.154528819682135,29.381280494048724,29.038000000000157
674,30.5398954233425,28.883482724544464,29.15195755551441,29.432557086658953,29.044000000000157
675,29.772983068531047,28.906883684648086,29.159776184174092,29.473998802640782,29.050000000000157
676,30.41556790950363,28.923988863722577,29.158902568827386,29.43252366881498,29.056000000000157
677,31.873914885969278,28.92996268019723,29.16997780487055,29.423330604447166,29.062000000000157
678,29.959323974444704,28.89891604218615,29.177518927852734,29.3807530746912,29.068000000000158
679,30.34922617340409,28.92807905847226,29.193162897690037,29.352592613237032,29.074000000000154
680,29.62904363314094,28.935926032611665,29.197446553266666,29.385566294123713,29.080000000000155
681,27.518152110916333,28.95282205561526,29.195591165722867,29.440769442931508,29.086000000000155
682,30.322369240878047,28.998889210050947,29.208967548496762,29.392505764538956,29.092000000000155
683,29.775616660622934,29.021022886742966,29.209827188588577,29.39290773550212,29.098000000000155
684,30.80697343589631,29.021912821481173,29.221320486240103,29.41659582374834,29.10400000000016
685,29.560444526584355,29.016523656554327,29.223131515357654,29.424341478042432,29.11000000000016
686,28.93559529669274,29.060763985365316,29.232511638993863,29.44448457906515,29.11600000000016
687,30.979144620870777,29.0480020596883,29.23697906722785,29.46255270092603,29.12200000000016
688,29.337770798094184,29.05982748969492,29.24807065555244,29.480429733766496,29.12800000000016
689,29.820843843762248,29.088057026503005,29.252469619707288,29.49725693510849,29.13400000000016
690,31.26642194531092,29.097495915878593,29.26388747808204,29.544486516148297,29.14000000000016
691,31.562116047982567,29.104273123727868,29.267515474120707,29.572616426727343,29.14600000000016
692,33.36715244136907,29.1243541839329,29.286388054188173,29.58053463419089,29.15200000000016
693,30.535867961146074,29.130809382345095,29.28806807905317,29.577427545112457,29.15800000000016
694,29.586554465705383,29.133825138964546,29.297471949032435,29.553762523595676,29.16400000000016
695,29.15631679763472,29.128093115399057,29.302511730202127,29.54865382429909,29.17000000000016
696,29.63066002101972,29.14033980513362,29.310883272505013,29.530124219476928,29.17600000000016
697,29.454907837411067,29.13985910758092,29.314208338089408,29.550284898824525,29.18200000000016
698,29.51565101898338,29.166936594568025,29.32372521347254,29.53419011988695,29.18800000000016
699,28.78191571897685,29.162123292149,29.31932393695564,29.543733332510307,29.19400000000016
700,30.95517626726644,29.18270231003976,29.332904749848012,29.500438498578532,29.20000000000016
701,30.479724241480557,29.17808895757018,29.328428646885392,29.50178132224464,29.20600000000016
702,29.78253483224119,29.186197139411064,29.338878598556423,29.50686257781796,29.21200000000016
703,29.659957145706365,29.16581401150024,29.345201262143977,29.488046829163434,29.21800000000016
704,29.07051450210765,29.189449590906875,29.353428548322903,29.473524587708834,29.22400000000016
705,30.352706036818876,29.190980350209266,29.35517983835478,29.475866679629515,29.23000000000016
706,31.161144101689725,29.197394425614622,29.349764342145974,29.468979259321873,29.23600000000016
707,28.203741360100565,29.185386816421914,29.355262624374884,29.468373842080975,29.24200000000016
708,29.033522675308223,29.20582758848051,29.360949250683543,29.47712565109312,29.24800000000016
709,28.0060909745675,29.204582318837446,29.36845055688034,29.494163443596083,29.25400000000016
710,31.602311834174795,29.228739088350366,29.36294790690358,29.48922681558247,29.26000000000016
711,28.74839378505471,29.222683933917804,29.368420398260515,29.50939869854263,29.26600000000016
712,31.41603410054292,29.247031134788593,29.383338879961798,29.54590121005037,29.27200000000016
713,29.865895388581396,29.21949492591748,29.380820707673934,29.543960583110124,29.27800000000016
714,28.337390898493567,29.244147439320482,29.40068601988728,29.541715815228077,29.28400000000016
715,30.83514588724815,29.240681864298136,29.407036885477723,29.539104563877576,29.290000000000163
716,27.66234037461376,29.255365515358,29.4192552151599,29.549133398017652,29.296000000000163
717,29.50393489576172,29.237952077587508,29.420322779197576,29.550869617877517,29.302000000000163
718,29.59381423390573,29.274975454489812,29.416743818095963,29.536705074878448,29.308000000000163
719,29.60257354722052,29.272721214936087,29.422601420277946,29.534424906650553,29.314000000000163
720,31.60084560347518,29.28676043406564,29.429648037348777,29.547906894557656,29.320000000000164
721,30.36744939980066,29.29798074607508,29.439490285713774,29.555647571164894,29.326000000000164
722,28.268273399538234,29.31124136497127,29.453725186027487,29.56703089148634,29.332000000000164
723,28.976663145136268,29.321027852858396,29.4572331358306,29.578707474168183,29.338000000000164
724,28.2601933930874,29.335094673685184,29.4681383576439,29.588659798602308,29.344000000000165
725,28.88347998917372,29.321626820232794,29.46989010348979,29.61142985791748,29.350000000000165
726,30.097624670193508,29.34312009816922,29.470692577566414,29.592011282128997,29.356000000000165
727,29.652335991681507,29.338840359939336,29.47628113179472,29.598915251339967,29.362000000000165
728,28.274991119985664,29.32598504279592,29.48447922650726,29.60946050631362,29.36800000000017
729,28.200955337193708,29.284647218588137,29.48092427512164,29.661853701186132,29.37400000000017
730,29.84801343897429,29.31034430276675,29.49642850504268,29.684375019335548,29.38000000000017
731,31.117084202213164,29.312549131640036,29.499929274287492,29.665611265890817,29.38600000000017
732,29.05514628276564,29.304976037253077,29.513087606236518,29.665134764896955,29.392000000000166
733,30.455675884501687,29.31289011212977,29.51409271300518,29.699027680054172,29.398000000000167
734,29.08042261295085,29.309122672636157,29.529829253524234,29.74498807074742,29.404000000000167
735,29.33148344996293,29.295987868027126,29.535343781607104,29.750590845315884,29.410000000000167
736,32.395344844778315,29.33845118474025,29.541391792152197,29.76849825586386,29.416000000000167
737,29.436845073696496,29.33421838613226,29.55045470675421,29.77024812778958,29.422000000000168
738,33.02408302316942,29.326681123567653,29.554555277238187,29.767507929060642,29.428000000000168
739,31.327676073128828,29.294158720955732,29.55433237137151,29.754041202936474,29.434000000000168
740,30.248081605469505,29.329221949196647,29.563019469586052,29.754189706521384,29.44000000000017
741,30.296988628963028,29.293309633346126,29.56406312667793,29.76176067291577,29.44600000000017
742,29.094609766797987,29.331851164801417,29.569045229522843,29.740988349793003,29.45200000000017
743,31.28880135628925,29.262502469390927,29.57390579949879,29.726609197295566,29.45800000000017
744,30.95347589560946,29.35857501601431,29.584789158779717,29.72986550384238,29.46400000000017
745,28.1173710903445,29.326591519365667,29.588156091044105,29.720884053519303,29.47000000000017
746,30.92189506990411,29.373901045187594,29.59608439436177,29.719985451221866,29.47600000000017
747,29.213176198203563,29.32687320987688,29.601909115616913,29.734433055551342,29.48200000000017
748,31.5837842360314,29.390230036054266,29.61259866943048,29.737839064548474,29.48800000000017
749,29.280464230657262,29.408924156760396,29.622853595861027,29.755109404839242,29.49400000000017
750,28.443026292707,29.447627635294392,29.623671857884894,29.76157829691494,29.50000000000017
751,28.68242677391457,29.433355528458357,29.628238291384434,29.769280867669742,29.50600000000017
752,29.509345319172677,29.46517628203418,29.643697589970763,29.785417883610656,29.51200000000017
753,31.53647827111939,29.45197809684271,29.64448953898853,29.786870070925623,29.51800000000017
754,30.7767960616648,29.48104890281563,29.650382586535528,29.791197804713175,29.52400000000017
755,29.990606503076663,29.484774534472056,29.661677010403338,29.800301412423703,29.53000000000017
756,28.2311666817794,29.503821443415013,29.669841939175818,29.8031461912363,29.53600000000017
757,28.74853543133567,29.504136555111348,29.674988524165098,29.816732070188642,29.54200000000017
758,28.31240079268722,29.528632858823908,29.683415979001552,29.824319573552867,29.54800000000017
759,29.515853650684736,29.519577219734412,29.695240554648652,29.829060494924853,29.554000000000173
760,31.41325678465625,29.565973035583262,29.711292335876763,29.846169142152952,29.560000000000173
761,30.70398066555901,29.541334818632023,29.708209885751625,29.850759741189144,29.566000000000173
762,30.20017508296892,29.582294806764423,29.71409211856365,29.843067074625925,29.572000000000173
763,31.64798541577397,29.574300473420372,29.718056416704812,29.855223230568924,29.578000000000173
764,29.28013829951728,29.5976132754453,29.732667731334054,29.863760902982897,29.584000000000174
765,28.811303496611032,29.603720147999702,29.734833079576596,29.858972315889513,29.59000000000017
766,31.34322766283177,29.622189742444586,29.740642142510815,29.85114830668828,29.59600000000017
767,31.50144720886148,29.606099172102763,29.74662384090709,29.86691873983063,29.60200000000017
768,29.48358333101237,29.625059551061074,29.75406534549922,29.877532644603374,29.60800000000017
769,29.15481265971025,29.618982575664237,29.761086481770455,29.88464219928839,29.61400000000017
770,29.14543497614492,29.636311380240855,29.771221485801345,29.89890230543439,29.62000000000017
771,30.31990550452309,29.592717251744766,29.77272740577755,29.901413575114244,29.62600000000017
772,31.45721493914342,29.612167028982977,29.775614776798818,29.92037215331258,29.632000000000176
773,31.28302437849272,29.593780289101492,29.782531476381138,29.923061980857433,29.638000000000176
774,30.301376708224616,29.607189252732116,29.777949376493474,29.928923988128496,29.644000000000176
775,28.993815747180744,29.59862136685551,29.7878626154867,29.9462543418802,29.650000000000176
776,28.47389797617011,29.628298363326003,29.800467701067248,29.954348665267393,29.656000000000176
777,27.70704095013935,29.631247691793323,29.805558345801952,29.95632315082932,29.662000000000177
778,28.514295692579392,29.64152244527977,29.813893802312055,29.98063780649592,29.668000000000177
779,29.90006620257342,29.624147840417592,29.819847749035098,29.978228720488556,29.674000000000177
780,29.84305086815965,29.640914613577007,29.822898897411953,29.97274944302461,29.680000000000177
781,31.890210230916257,29.630098395623307,29.830367575653593,29.97592669783183,29.686000000000178
782,31.11153941043437,29.654258295155262,29.83499295368663,29.975084747797126,29.692000000000174
783,29.230064975314946,29.656242406721255,29.83979253615962,29.994633906319013,29.698000000000174
784,30.411610849406653,29.686797585535736,29.85166813929071,30.00840698403362,29.70400000000018
785,29.266377827335223,29.66825249029091,29.865337461223252,30.003977125817904,29.71000000000018
786,32.25130884548328,29.65412976594053,29.877338658576825,30.00915217006184,29.71600000000018
787,28.251826188105,29.670933091887292,29.881856297706584,30.032389964432127,29.72200000000018
788,33.6128188694458,29.697504753399304,29.892483459637738,30.060605778968956,29.72800000000018
789,28.69481128855628,29.6788269187559,29.902826792266215,30.076180538247595,29.73400000000018
790,32.40224598081954,29.695526470850623,29.91157224932318,30.06124688104152,29.74000000000018
791,30.03746615359785,29.70170653174261,29.91384828512793,30.067415632166824,29.74600000000018
792,28.491775929657827,29.73647721342034,29.91999830761518,30.074793968961526,29.75200000000018
793,30.184746876972504,29.71807502543357,29.927662476999966,30.082877657181953,29.75800000000018
794,32.27783433118974,29.764341881012147,29.933016269996642,30.100495920462414,29.76400000000018
795,29.44647920631938,29.74706095803821,29.939867661150537,30.100779418091147,29.77000000000018
796,30.44416214513049,29.775490897515734,29.95255243343976,30.11235064996162,29.77600000000018
797,31.112464473685,29.77698328238488,29.95960473343073,30.13196338248637,29.78200000000018
798,30.61406821830764,29.78014479255884,29.963934815041583,30.182199112853013,29.78800000000018
799,28.574536017763,29.75311639525031,29.97113840841159,30.164156530224975,29.79400000000018
800,31.134765343579826,29.785541595605135,29.975746371129862,30.165735360702666,29.800000000000185
801,31.19959476692292,29.790716590891577,29.982661795272655,30.164997100149947,29.806000000000186
802,31.394275258138137,29.820666359843873,29.989998115507454,30.17063631307843,29.812000000000182
803,30.481983908709424,29.774294167132286,29.99860947354596,30.20199076694166,29.818000000000183
804,28.58541602550048,29.81023063324601,30.007148980864784,30.17890460352343,29.824000000000183
805,30.358037223547825,29.77412726541632,30.001381114196324,30.209640127459046,29.830000000000183
806,30.794289739031484,29.810612368252574,30.013955942784484,30.19710195482369,29.836000000000183
807,31.409039102917397,29.808858189989383,30.0227356482359,30.221123560330938,29.842000000000183
808,33.835401808618776,29.85628970288311,30.03541616581486,30.220031636147386,29.848000000000184
809,32.777706792271296,29.83821083259861,30.040926476850775,30.236025731976145,29.854000000000184
810,30.28034827249202,29.86617458610524,30.048128284554018,30.240800203393125,29.860000000000184
811,30.620361377600663,29.837258979429198,30.054429543519024,30.26571424170593,29.866000000000184
812,32.54171756709809,29.871896246202496,30.062434635814267,30.248711649751847,29.872000000000185
813,28.308693674481088,29.869623658587162,30.067320321893305,30.24832919660247,29.878000000000185
814,32.255854831696894,29.900781499359066,30.077423523058393,30.278838296579703,29.884000000000185
815,31.05903289604592,29.88661126155537,30.078301919464742,30.26169328068007,29.890000000000185
816,29.32941282691265,29.93249722899959,30.09021579805283,30.281303534874436,29.896000000000186
817,30.4064256689445,29.939080243303327,30.092268601959667,30.275542755877158,29.902000000000186
818,30.182361384394177,29.942962617152865,30.103753763789317,30.27962265374898,29.908000000000182
819,30.473406895004125,29.931862364966275,30.10596830650775,30.285912092758895,29.914000000000183
820,32.715264089136745,29.92198485978602,30.113573754701704,30.294091436768003,29.920000000000183
821,29.74939416945413,29.93398844177835,30.12033826582189,30.27490319354139,29.926000000000187
822,29.85687575576464,29.946032261374153,30.127147824362964,30.28149052027327,29.932000000000187
823,28.397471205671188,29.953501425944975,30.121005144128905,30.31393283762768,29.938000000000187
824,32.63117194563606,29.984575507914897,30.13711869785117,30.320773922017587,29.944000000000187
825,31.743268909806773,29.97181987067501,30.138610401768744,30.324845120824403,29.950000000000188
826,30.713387718981373,29.980612859607763,30.140801854335898,30.336689420502413,29.956000000000188
827,30.372063387204435,29.98530794963902,30.149419706498165,30.36331727816061,29.962000000000188
828,28.29389546429936,30.02149910026358,30.158548245039775,30.352903741220953,29.96800000000019
829,30.59119335222829,29.9969586037171,30.162679396092607,30.351476620644934,29.97400000000019
830,29.48088995406809,30.027708952141634,30.176912732892177,30.34441907312267,29.98000000000019
831,29.70620515398157,30.022610070497713,30.18208027689365,30.36213531996319,29.98600000000019
832,33.41580175389522,30.03579264460749,30.187136072567924,30.353997373537105,29.99200000000019
833,31.161781291385896,30.03827532035251,30.191352362585516,30.349134177697852,29.99800000000019
834,33.38519252653421,30.05524334836227,30.19833183071943,30.366155375347148,30.00400000000019
835,29.28917603930651,30.049547752244575,30.20681644439233,30.385124444379887,30.01000000000019
836,28.697257432110604,30.077647935627727,30.224700504965696,30.40822109423949,30.01600000000019
837,31.53644966725993,30.06064222358943,30.22519515340484,30.424043812737388,30.02200000000019
838,28.113299764195297,30.088790222950294,30.23984983069191,30.420692618086534,30.02800000000019
839,29.654329171263186,30.07504569540642,30.2373849282958,30.438281148362833,30.03400000000019
840,31.94831704176729,30.09128251350027,30.23987088577812,30.427538820517047,30.04000000000019
841,30.60808302334964,30.07330219383575,30.245299109340735,30.44845802971288,30.04600000000019
842,32.24072701770073,30.081380745751048,30.256228372821013,30.474037813264104,30.05200000000019
843,28.733812712469305,30.05528705856883,30.260386779864334,30.46183626591997,30.05800000000019
844,31.38187980892431,30.066879504529858,30.27659480819169,30.487058883097685,30.064000000000192
845,31.513169636832263,30.045967914379666,30.284490359246618,30.48428033918121,30.070000000000192
846,30.83544369147094,30.105207877679206,30.29517709400183,30.511172744114678,30.076000000000192
847,32.09004200449523,30.122127450052023,30.297578964741966,30.494825528657667,30.082000000000196
848,32.71653000232404,30.151452657375824,30.304970351127107,30.50748558671909,30.088000000000196
849,32.11079307275115,30.12990996958524,30.30994061781885,30.51548935130487,30.094000000000197
850,28.189710178352904,30.165975069193607,30.316803274837604,30.527823000239497,30.100000000000197
851,30.639789459106133,30.134684766017166,30.323318579310843,30.540636449478267,30.106000000000197
852,29.7703815731505,30.159650662828245,30.334633806943664,30.555895806081626,30.112000000000197
853,30.481635940293685,30.16895128257299,30.33999449303967,30.537283761436846,30.118000000000198
854,31.267568274045058,30.19368102090677,30.35300507983166,30.57488644655026,30.124000000000198
855,31.952715162984763,30.19679903369505,30.366534231402298,30.55726916325947,30.130000000000194
856,30.39054513404333,30.21527119260719,30.38120546302179,30.590991179756756,30.136000000000195
857,31.95886108289632,30.211236041708915,30.37696801353337,30.581771250831967,30.142000000000195
858,31.67836671141969,30.227658862200215,30.38492036204856,30.60242954683875,30.148000000000195
859,30.02788462463155,30.221903579754322,30.39671233046957,30.601742099394066,30.154000000000195
860,32.104429257521744,30.241257660230904,30.402759086466247,30.633053660068473,30.1600000000002
861,32.66469890102199,30.23857835915024,30.40817590166076,30.634432897413134,30.1660000000002
862,32.2152968059495,30.24582710655655,30.41412274205453,30.668494280460774,30.1720000000002
863,31.99971629095248,30.226269772693342,30.41765758894447,30.64954353293676,30.1780000000002
864,31.491144253721867,30.265719531516474,30.427893549924278,30.661500166805002,30.1840000000002
865,32.36416611042118,30.26188898032313,30.427646288016085,30.65752122291308,30.1900000000002
866,29.31455960438685,30.28718974397555,30.433521254728007,30.662492111273846,30.1960000000002
867,30.034391934581475,30.271754425685,30.442981117883857,30.680408438087557,30.2020000000002
868,30.326057644920457,30.299730200115004,30.450217976337928,30.682065842523357,30.2080000000002
869,33.43502660112555,30.28632177467166,30.464929461416872,30.682209854275786,30.2140000000002
870,31.9307604217136,30.31193887127275,30.47357616163388,30.693248696601984,30.2200000000002
871,31.515847352150875,30.296495749373094,30.47938758996372,30.691076044252096,30.2260000000002
872,31.765869179111508,30.32433803411898,30.4905614290021,30.685731063686916,30.2320000000002
873,29.04711780131503,30.315655702945072,30.492624543529647,30.679172247248378,30.2380000000002
874,31.88875890917423,30.33795953646149,30.495161890703997,30.683990049833554,30.2440000000002
875,29.26876195871432,30.323257862889495,30.500783511727835,30.68885145596374,30.2500000000002
876,30.1944436293388,30.348907314944952,30.511356642643534,30.688819297514616,30.2560000000002
877,30.559611761866503,30.333607734905232,30.51109558272894,30.695950686766235,30.2620000000002
878,30.82017334837096,30.360901961229153,30.518412223777748,30.698835415294745,30.2680000000002
879,31.20310661404472,30.354376057646512,30.52238261317268,30.71058432065662,30.2740000000002
880,31.009804135614655,30.36616513097128,30.53132444452808,30.725575178684295,30.2800000000002
881,31.00287062528627,30.359620157717256,30.539319132751547,30.70973216281452,30.2860000000002
882,32.48595500050914,30.386095577946154,30.54594970261396,30.70566250104759,30.2920000000002
883,30.76642814639231,30.377630824511584,30.549990185365353,30.733227591971062,30.2980000000002
884,29.60953651297346,30.391295393390873,30.560979533087522,30.766934030670797,30.3040000000002
885,27.846902723677587,30.391603101367483,30.566236856460655,30.781310165211885,30.3100000000002
886,31.496501656901,30.409610495203204,30.5733688048254,30.789765714222288,30.3160000000002
887,28.876096067485545,30.400640035695123,30.585442515577135,30.804838420341056,30.3220000000002
888,30.358848442065945,30.412160700420547,30.5950218414238,30.83454771224446,30.3280000000002
889,30.935413598756924,30.40820965152126,30.59400423724881,30.857732671931156,30.3340000000002
890,33.511630470389484,30.42441047589929,30.604336243128497,30.843008307327736,30.3400000000002
891,31.35769342840949,30.420702143588592,30.61313406372721,30.860424401963076,30.346000000000203
892,33.87212643813885,30.44152941313757,30.618937714981456,30.866566472277622,30.352000000000203
893,29.981260445223118,30.43809014161908,30.621535466089085,30.856333066773168,30.358000000000203
894,30.847428458301653,30.45817816485451,30.627221976534706,30.877728379837922,30.364000000000203
895,32.05684712232778,30.45502333115327,30.635147367342512,30.89893450259567,30.370000000000203
896,29.405690203877302,30.48929406793847,30.65075825928223,30.879134845565485,30.376000000000204
897,30.98430182460356,30.476600847467175,30.653184846716023,30.89124644394103,30.382000000000204
898,33.48374481751735,30.50398113922152,30.659549787920966,30.904574314465883,30.388000000000204
899,31.04401538619292,30.488996087151044,30.66651388106505,30.919636755415834,30.394000000000204
900,32.555282065213284,30.517166142683976,30.672736451791707,30.93794832317985,30.400000000000205
901,30.37826788870909,30.5010582857412,30.679687530588033,30.943261928659744,30.406000000000205
902,31.50751190972769,30.52947390299857,30.691592447555735,30.97053426034677,30.412000000000205
903,30.44427909117707,30.513287004878215,30.69823755400006,30.979475302200324,30.418000000000205
904,33.67866321918951,30.54273953627434,30.70321130970538,31.012336197772466,30.42400000000021
905,33.448081904089,30.523339307156313,30.71165214549538,30.994805251172604,30.43000000000021
906,30.06648424375824,30.554660726881583,30.713557727705044,31.01855582960606,30.43600000000021
907,32.205756849712905,30.53774457057217,30.72487333100414,31.031968378596844,30.442000000000206
908,30.467083605384104,30.572103759147293,30.735660389874276,31.03750925608497,30.448000000000206
909,30.78175801034233,30.559870311989005,30.735510481681935,31.034910207602206,30.454000000000207
910,31.55945288345289,30.58502209992578,30.74117194945945,31.026137466992385,30.460000000000207
911,32.41980715500304,30.578441190647865,30.75107918708976,31.04883836756014,30.466000000000207
912,32.58678881400999,30.595916721333122,30.755082521652504,31.05421207694249,30.472000000000207
913,31.030920363349438,30.582420836107698,30.758691852563636,31.063644928318293,30.478000000000208
914,32.15775421554859,30.605392418766606,30.77019728054862,31.0567987180402,30.484000000000208
915,34.38397124793957,30.587988751472565,30.775535321508915,31.06050931256603,30.490000000000208
916,30.3148735707026,30.618746500782247,30.780239337649405,31.064470230438754,30.49600000000021
917,33.03525781274915,30.59888803883731,30.78727232493272,31.07065469961062,30.50200000000021
918,31.56230783128696,30.620461839293473,30.797574239268748,31.07228453514114,30.50800000000021
919,34.21041060226757,30.602933123060478,30.798779080333844,31.072745257159507,30.51400000000021
920,30.14675266296047,30.62827243691352,30.804628757637644,31.072390359046693,30.52000000000021
921,29.64943374240459,30.622835487687258,30.80491849158026,31.0898530733329,30.52600000000021
922,29.92848277407169,30.630235763052635,30.815653485635526,31.104698377952,30.53200000000021
923,29.21568666747886,30.62580400831641,30.817626506224286,31.09636052320293,30.53800000000021
924,34.922527552294255,30.64279324576942,30.828249101656066,31.09381029146745,30.54400000000021
925,33.35464377396556,30.63961798944576,30.835836933475488,31.099577328188946,30.55000000000021
926,32.897345212525444,30.65241928216414,30.843154971042978,31.09609687280788,30.55600000000021
927,29.152114222935825,30.649568621735362,30.844839013900966,31.10626187646909,30.56200000000021
928,31.55090310795528,30.66571104911109,30.85076642759971,31.111837855547247,30.56800000000021
929,32.46534633646813,30.66975462091898,30.856218995101987,31.09298165606336,30.57400000000021
930,33.48979749931177,30.680465693919764,30.862516301321733,31.093885509891212,30.58000000000021
931,31.73596122749149,30.679480185706524,30.86536825095512,31.091077728646106,30.58600000000021
932,31.721872247127703,30.693023176636547,30.869952964886043,31.092205701354548,30.59200000000021
933,30.81654164133085,30.69124937120742,30.869970529376253,31.086664767818366,30.59800000000021
934,31.03238625552889,30.692915325466142,30.877107363918313,31.089346288346576,30.60400000000021
935,30.893607710445945,30.693900429512194,30.882109700146447,31.105731340737673,30.610000000000213
936,31.522918644959116,30.705093909830765,30.88971443238294,31.11069434226013,30.616000000000213
937,31.059536423780667,30.704993782945014,30.89307445092808,31.103572237798577,30.622000000000213
938,28.41097885900711,30.71757858112911,30.901568667489922,31.116799261359517,30.628000000000213
939,30.405986152781427,30.717935008255044,30.90070641479793,31.111377129173924,30.634000000000214
940,31.93028383078249,30.732346750337587,30.909651189146725,31.110790088052,30.640000000000214
941,33.2434426948251,30.73564876197912,30.91136955193484,31.110982936976995,30.64600000000021
942,28.72311521851521,30.73263619165509,30.9225864712813,31.114353120164864,30.65200000000021
943,32.36050029821104,30.731913260680034,30.925160984356843,31.11113467942439,30.65800000000021
944,30.808001262099346,30.743913024434644,30.934154743086836,31.132128347029695,30.66400000000021
945,32.49946376269588,30.755214123705546,30.931441071125192,31.123983803541716,30.67000000000021
946,30.111161187187427,30.758683510296645,30.936596703234876,31.141602929947904,30.67600000000021
947,28.8728594706817,30.75942782196584,30.93995790879007,31.141519259174366,30.68200000000021
948,35.0016438988654,30.766561223779345,30.950813190115838,31.156349671867453,30.688000000000216
949,29.050417600454917,30.757004551721778,30.949680713019106,31.153164407606067,30.694000000000216
950,31.52172157592501,30.769604768460848,30.95657607376397,31.171741233363974,30.700000000000216
951,32.00948710995258,30.768646790772063,30.961407516583883,31.174324368540884,30.706000000000216
952,30.635042029106643,30.77489019750838,30.970031222729084,31.19684380079195,30.712000000000216
953,30.653659661427984,30.76852142661803,30.973001350010918,31.183008315473444,30.718000000000217
954,33.26369464660823,30.779209400109792,30.981291660344468,31.202265512939025,30.724000000000217
955,29.724097204255845,30.782289766588637,30.98668615420815,31.18337574977711,30.730000000000217
956,33.17640653834416,30.783430548422665,30.992007422752486,31.209942667126867,30.736000000000217
957,33.60622977422331,30.771218352802375,30.99278406256655,31.189660905987736,30.742000000000218
958,31.58633634783537,30.790043483446542,31.002104144899278,31.20175253558553,30.748000000000214
959,33.29053324769059,30.78505160766601,31.005116119522718,31.19844080598668,30.754000000000214
960,30.93704784278986,30.79219235157532,31.01022050455181,31.207900927635315,30.76000000000022
961,30.49944359101417,30.80614577454047,31.00978923611956,31.188868562500772,30.76600000000022
962,32.82563079436059,30.811131809101067,31.02094730065237,31.21169391046625,30.77200000000022
963,30.82229312467932,30.8086864298112,31.02171469756367,31.22462961506848,30.77800000000022
964,33.630787581796454,30.812416462564695,31.035338871910398,31.223530517982443,30.78400000000022
965,31.78348848032153,30.799759116552586,31.03017045037007,31.227477397943566,30.79000000000022
966,30.827557184172395,30.807559218560403,31.040334911841907,31.229998562723278,30.79600000000022
967,33.88358815925191,30.807901245488313,31.040925777386448,31.222999912531087,30.80200000000022
968,31.84918149339032,30.814048856786677,31.048540897638112,31.238259247634698,30.80800000000022
969,29.7845256165904,30.81298516890115,31.049743261512837,31.235626868700255,30.81400000000022
970,30.38946189089002,30.802269353181643,31.060572329759403,31.240037054553582,30.82000000000022
971,30.903817484737196,30.805445394271043,31.059044651334446,31.248835645209805,30.82600000000022
972,28.165784253756406,30.807274698998153,31.067666040964085,31.268626232748026,30.83200000000022
973,32.65646124928392,30.8201788247219,31.07044852424991,31.24752942171671,30.83800000000022
974,29.397958720190665,30.805363447431187,31.07987133957497,31.262739372564297,30.84400000000022
975,28.77797736257304,30.82464276436737,31.08091773836381,31.265310421823997,30.85000000000022
976,30.66688674968842,30.835754445087787,31.08998936585754,31.281507364263724,30.856000000000225
977,30.972743097232712,30.83446827230376,31.08926600313997,31.282185288651615,30.862000000000226
978,30.408394925539056,30.850177656303806,31.101615880436036,31.283214853845497,30.868000000000222
979,29.49209216296265,30.856849648304884,31.10691384821879,31.284253067042062,30.874000000000223
980,34.013609724098295,30.8479929254322,31.11552934460582,31.31001178483748,30.880000000000223
981,31.41813508973532,30.86075570244927,31.117920798198277,31.307607840780854,30.886000000000223
982,30.872195261282567,30.863730939709928,31.127440916018738,31.333672665632935,30.892000000000223
983,31.672821856601203,30.88880231428515,31.13251941981475,31.345535279539178,30.898000000000224
984,29.764099199157013,30.895855112780165,31.144301300517114,31.378282326933377,30.904000000000224
985,31.844162795012373,30.883943232472095,31.14604547385096,31.372107633330163,30.910000000000224
986,32.347752031274624,30.9036110684768,31.158959430833413,31.372214752902238,30.916000000000224
987,32.35329705342657,30.91206457643254,31.16626664438781,31.396305146915527,30.922000000000224
988,31.522045778723964,30.922154210203534,31.178655770014856,31.395503487410842,30.928000000000225
989,31.53695953748773,30.920577051995433,31.18080133319461,31.39428896677599,30.934000000000225
990,31.51891277154078,30.92723330674316,31.195631437137223,31.406028327476225,30.940000000000225
991,31.916852341465816,30.91765819529402,31.19993881623657,31.40664717731583,30.946000000000225
992,32.14680692522297,30.935251940816926,31.214501174476865,31.447761972020782,30.952000000000226
993,33.25080807310897,30.935396834004507,31.21164145216619,31.42389111289487,30.958000000000222
994,32.462003110698426,30.932834019520435,31.21864915197309,31.44095146648514,30.964000000000222
995,31.22453343493043,30.957858790613646,31.22225605262431,31.449997657438303,30.970000000000223
996,31.020883800229605,30.943432348482602,31.23457957269973,31.47978398707865,30.976000000000223
997,30.57358072517653,30.92799173799676,31.232119619632684,31.45685529288731,30.982000000000227
998,31.76427876230237,30.947483179896782,31.24629581320641,31.483588277126152,30.988000000000227
999,30.361798171098837,30.966422046345357,31.243629559064807,31.489698052062117,30.994000000000227
1000,34.95192285432761,30.96626030110642,31.2595446865801,31.51500564966037,31.000000000000227
