time,cycle,phase,y,eta,level,slope,seasonal
1,1,1,26.34321081901724,24.753684558952905,25.003684558952905,0.00205375670346255,-0.25
2,1,2,23.26017636936167,24.98391569880551,24.98391569880551,0.0014664459009633612,0.0
3,1,3,25.84785059991452,25.23454303644894,24.98454303644894,0.0006342150124817366,0.25
4,1,4,26.1195494315767,24.966819161793914,24.966819161793914,0.0006861510766307372,0.0
5,2,1,25.388038564461883,24.705642951462746,24.955642951462746,3.53763702470014e-05,-0.25
6,2,2,25.42530857918098,24.93934397511549,24.93934397511549,-0.00010376513086899128,0.0
7,2,3,23.522626736552738,25.15853714952944,24.90853714952944,4.386954629285997e-05,0.25
8,2,4,24.902356065564657,24.92296528283572,24.92296528283572,0.0005519885774529483,0.0
9,3,1,24.299508509685033,24.633872734721304,24.883872734721304,0.001108073610641669,-0.25
10,3,2,26.65607497821122,24.889582741162744,24.889582741162744,0.0007584313742818053,0.0
11,3,3,26.659323527047405,25.162991061635122,24.912991061635122,-0.0003530728056105769,0.25
12,3,4,24.278341718071378,24.919492686542938,24.919492686542938,0.0006561123596240801,0.0
13,4,1,27.53115313532741,24.683821550736262,24.933821550736262,0.0005616492409955957,-0.25
14,4,2,26.608706802650346,24.93638913187307,24.93638913187307,0.000600856958901643,0.0
15,4,3,28.106769125257674,25.18620661183559,24.93620661183559,0.0005810420666955065,0.25
16,4,4,22.060144757189885,24.96444351856081,24.96444351856081,0.0016519643468925033,0.0
17,5,1,24.57166348394474,24.716943968392734,24.966943968392734,0.0017288075137761136,-0.25
18,5,2,22.954342210663754,24.95248702900208,24.95248702900208,0.0018616797737365924,0.0
19,5,3,27.69044474270946,25.218796972354802,24.968796972354802,0.0011071539703630317,0.25
20,5,4,27.15938910859957,24.96382731381835,24.96382731381835,0.00019842374875610918,0.0
21,6,1,23.69711772574183,24.719412127211218,24.969412127211218,-0.00011401379413016711,-0.25
22,6,2,26.62767437549529,24.948433443500598,24.948433443500598,0.0002284665657692918,0.0
23,6,3,28.232920516666326,25.179503156011005,24.929503156011005,0.0010390496916004403,0.25
24,6,4,24.826692588900638,24.915918586295394,24.915918586295394,0.0010690963099507917,0.0
25,7,1,26.384301414070748,24.677431434377414,24.927431434377414,0.0008557575970419596,-0.25
26,7,2,22.044255499021737,24.891545018904832,24.891545018904832,0.0005108360798528437,0.0
27,7,3,25.559595125492635,25.160659809665923,24.910659809665923,0.0003923618818973771,0.25
28,7,4,23.720222457706367,24.911096545643943,24.911096545643943,0.00026107098710334163,0.0
29,8,1,26.752375018027085,24.6607378487363,24.9107378487363,0.00044931425926708905,-0.25
30,8,2,23.527530269514635,24.93616902083952,24.93616902083952,0.0017310923816317844,0.0
31,8,3,24.012467449487335,25.17219727861194,24.92219727861194,0.001842995374827272,0.25
32,8,4,27.469806307068463,24.899219435405673,24.899219435405673,0.002109103003266102,0.0
33,9,1,27.292990712971985,24.64126858250761,24.89126858250761,0.0026101679868317847,-0.25
34,9,2,25.282997749818723,24.8993511240381,24.8993511240381,0.002890624135463084,0.0
35,9,3,23.570887458100866,25.15770837335714,24.90770837335714,0.0024669279593335495,0.25
36,9,4,26.073822596250526,24.927789874218288,24.927789874218288,0.0022443835081676247,0.0
37,10,1,25.871125081048245,24.701694224830657,24.951694224830657,0.0016909662858201075,-0.25
38,10,2,27.18249699941702,24.914329883408755,24.914329883408755,0.001655391392370615,0.0
39,10,3,25.59821321570771,25.153204908777212,24.903204908777212,0.001692301470072519,0.25
40,10,4,26.98353898992407,24.900637304889,24.900637304889,0.0017953206703710026,0.0
41,11,1,24.586640563896736,24.636778978040546,24.886778978040546,0.0011687823256530875,-0.25
42,11,2,26.80616861999097,24.880081537625323,24.880081537625323,0.0009675118059174235,0.0
43,11,3,25.431351223158252,25.149328501550347,24.899328501550347,0.0006764758941692883,0.25
44,11,4,26.472299940798372,24.898217854109294,24.898217854109294,0.0008042798797809671,0.0
45,12,1,26.029957943278102,24.654579173911074,24.904579173911074,0.0010327676107585238,-0.25
46,12,2,25.170728280039675,24.89466606158218,24.89466606158218,9.75028965662407e-05,0.0
47,12,3,23.560865951927486,25.14182304152816,24.89182304152816,-0.0007648684573506292,0.25
48,12,4,25.631342011965643,24.89100697857476,24.89100697857476,-0.0013720084285207298,0.0
49,13,1,26.505852526782473,24.654868706122766,24.904868706122766,-0.0014606771794615967,-0.25
50,13,2,25.05481337661517,24.938039431327695,24.938039431327695,-0.0006310248307776663,0.0
51,13,3,26.26219561003865,25.20791773004737,24.95791773004737,-0.00047416249082426673,0.25
52,13,4,26.534341640482772,24.94813728577154,24.94813728577154,0.0009011358203428803,0.0
53,14,1,26.554750923928317,24.65654232016246,24.90654232016246,0.00012880322475810778,-0.25
54,14,2,25.861490677664133,24.918622000909988,24.918622000909988,-0.0008734187621795694,0.0
55,14,3,25.90196162838308,25.192624088444973,24.942624088444973,-0.00024119880554091856,0.25
56,14,4,24.32748505520573,24.913326294005998,24.913326294005998,-0.00017746815062498117,0.0
57,15,1,25.027532849665636,24.669859248176735,24.919859248176735,-0.00035287187813509767,-0.25
58,15,2,24.90915859999725,24.9567348950764,24.9567348950764,-0.0011810039229138854,0.0
59,15,3,24.6943965161177,25.192321836610926,24.942321836610926,-0.0015871527929840878,0.25
60,15,4,26.027151203540935,24.952952406278097,24.952952406278097,-0.0012696717275344732,0.0
61,16,1,27.60956687565599,24.71095370272232,24.96095370272232,-0.00127615681036263,-0.25
62,16,2,24.665299088866515,24.943514562571245,24.943514562571245,-0.0013455651653793224,0.0
63,16,3,28.188068626530608,25.196432500355723,24.946432500355723,-0.001982185236954759,0.25
64,16,4,23.773232992402257,24.93951950284763,24.93951950284763,-0.001217245393089548,0.0
65,17,1,23.277704093741093,24.706188516933423,24.956188516933423,-0.0016241242042825967,-0.25
66,17,2,24.776798613393943,24.942766769938707,24.942766769938707,-0.001856863162681879,0.0
67,17,3,26.435206108277274,25.19976348809977,24.94976348809977,-0.0018023966848280102,0.25
68,17,4,24.163546150001437,24.946830347875252,24.946830347875252,-0.0022851777915558016,0.0
69,18,1,25.765000662787443,24.670219535786057,24.920219535786057,-0.001733616694962365,-0.25
70,18,2,23.849319750853677,24.902476344775916,24.902476344775916,-0.000945047982064514,0.0
71,18,3,23.971547181845228,25.184349273949046,24.934349273949046,-0.0005668200609894307,0.25
72,18,4,26.832513050734356,24.943445005425406,24.943445005425406,-0.0006983786612337433,0.0
73,19,1,25.280235844638078,24.698330103248885,24.948330103248885,-0.0005901373983821275,-0.25
74,19,2,23.416415494053666,24.97870386776224,24.97870386776224,-0.0005836755190528341,0.0
75,19,3,23.55381938794369,25.23296542796915,24.98296542796915,-0.0009418448210437686,0.25
76,19,4,26.08112660540335,24.99008074475347,24.99008074475347,-0.0010581965735847096,0.0
77,20,1,26.31512649186937,24.727857933737933,24.977857933737933,-0.0016318973715029324,-0.25
78,20,2,27.654274024988577,25.007874590237932,25.007874590237932,-0.0014439893197497299,0.0
79,20,3,26.274056223918247,25.297675021629562,25.047675021629562,-0.0009419289725387012,0.25
80,20,4,24.27965094325949,25.030149187946964,25.030149187946964,-0.0005903652075514722,0.0
81,21,1,25.213814016064422,24.773580116536607,25.023580116536607,8.548231710226784e-05,-0.25
82,21,2,27.644231218114047,25.026459757888592,25.026459757888592,0.0003006754144944802,0.0
83,21,3,25.90154969440147,25.278801833345415,25.028801833345415,0.0012537029672913392,0.25
84,21,4,24.178182530880367,25.00958299514466,25.00958299514466,0.0015929581000853825,0.0
85,22,1,25.078920661841217,24.773936593849047,25.023936593849047,0.0019822001660837274,-0.25
86,22,2,24.062370318279616,25.04696370938203,25.04696370938203,0.001816912367942187,0.0
87,22,3,25.430145147221292,25.367762036572227,25.117762036572227,0.0021956777984036865,0.25
88,22,4,26.339230421661956,25.119543839572334,25.119543839572334,0.002554627704846897,0.0
89,23,1,23.99591184508772,24.893897655462304,25.143897655462304,0.002247584670898682,-0.25
90,23,2,27.07026780532838,25.131870703451344,25.131870703451344,0.0021354901016632593,0.0
91,23,3,27.607750106794395,25.38441851942158,25.13441851942158,0.0023030282856744124,0.25
92,23,4,24.276034077370767,25.181309725367267,25.181309725367267,0.0031246235605909157,0.0
93,24,1,26.109196607582785,24.96087646033715,25.21087646033715,0.0035975814539236806,-0.25
94,24,2,24.32429239182914,25.21099928189557,25.21099928189557,0.002228713639099833,0.0
95,24,3,25.903068704455613,25.484336678555547,25.234336678555547,0.002725884613032932,0.25
96,24,4,25.78353747286928,25.213461315704528,25.213461315704528,0.00386819925365925,0.0
97,25,1,23.48929917336134,24.982544070186425,25.232544070186425,0.0034990899181881105,-0.25
98,25,2,24.950510455060883,25.27583421433787,25.27583421433787,0.003596009897169786,0.0
99,25,3,27.58517016337391,25.554916848914385,25.304916848914385,0.0037261581309077606,0.25
100,25,4,25.92096140899859,25.293891741033125,25.293891741033125,0.0036308147575695358,0.0
101,26,1,23.219091212468673,25.072208039236173,25.322208039236173,0.004156221998770695,-0.25
102,26,2,24.630043885645584,25.302738790999232,25.302738790999232,0.0050654925633916385,0.0
103,26,3,28.52723647686912,25.581862970224535,25.331862970224535,0.004161823960192076,0.25
104,26,4,27.717836551213757,25.35418896391183,25.35418896391183,0.004007633213316158,0.0
105,27,1,23.964177160850582,25.113669738636073,25.363669738636073,0.00363943925436518,-0.25
106,27,2,24.116862258500234,25.350094009610544,25.350094009610544,0.003396824045191939,0.0
107,27,3,26.99113969589201,25.603736018448963,25.353736018448963,0.0030043637189171354,0.25
108,27,4,26.60286975025687,25.38445929399617,25.38445929399617,0.0039018275923844033,0.0
109,28,1,23.700199577162746,25.14976776730029,25.39976776730029,0.00409520525446562,-0.25
110,28,2,25.228812255776635,25.39222761876048,25.39222761876048,0.003789286667193659,0.0
111,28,3,26.984584178235554,25.638791552304344,25.388791552304344,0.004012027202194605,0.25
112,28,4,26.260361844748246,25.361360540249564,25.361360540249564,0.004314987197486145,0.0
113,29,1,24.042500136174063,25.11153944944678,25.36153944944678,0.004321042967140956,-0.25
114,29,2,21.281758056126055,25.36071001591407,25.36071001591407,0.004444002557807303,0.0
115,29,3,26.627636688470012,25.57684644701751,25.32684644701751,0.004789907954314037,0.25
116,29,4,24.421402508784762,25.31785427768261,25.31785427768261,0.00485988074938986,0.0
117,30,1,24.49846822280953,25.07553548533885,25.32553548533885,0.003933295192782057,-0.25
118,30,2,25.910559500361448,25.328068314595377,25.328068314595377,0.004186388147469223,0.0
119,30,3,25.0970783823125,25.58920994232031,25.33920994232031,0.0047137109532637295,0.25
120,30,4,26.311102872296342,25.321707708406503,25.321707708406503,0.004853306657577563,0.0
121,31,1,24.81489348235868,25.06673133690885,25.31673133690885,0.004516364011372153,-0.25
122,31,2,25.417017031581338,25.321143516354592,25.321143516354592,0.003961383888993036,0.0
123,31,3,25.034365052720403,25.58333922115125,25.33333922115125,0.0039034275905114792,0.25
124,31,4,24.675259910425734,25.359902097721225,25.359902097721225,0.004422263245488334,0.0
125,32,1,27.857809027356218,25.11190836038395,25.36190836038395,0.003976226255855237,-0.25
126,32,2,26.66575288840516,25.389345707371866,25.389345707371866,0.0030550218231589496,0.0
127,32,3,28.457632108046365,25.62923229477478,25.37923229477478,0.0037684218282408076,0.25
128,32,4,27.270449841297303,25.35295207426232,25.35295207426232,0.004372005131654358,0.0
129,33,1,26.679937374164314,25.122560322153213,25.372560322153213,0.004323433207763847,-0.25
130,33,2,24.827160990537653,25.37708638872491,25.37708638872491,0.004062984052053354,0.0
131,33,3,25.051089600775903,25.62340920743827,25.37340920743827,0.0045369241079341125,0.25
132,33,4,26.064464308083494,25.365164817569937,25.365164817569937,0.004488624888811473,0.0
133,34,1,25.58798932469977,25.12259836496331,25.37259836496331,0.0041276027065313345,-0.25
134,34,2,24.785738971178777,25.37383286798841,25.37383286798841,0.004523780758654273,0.0
135,34,3,26.77112814778541,25.641023596521475,25.391023596521475,0.004223992875655496,0.25
136,34,4,27.66804871301628,25.425368638122126,25.425368638122126,0.0034518832668792446,0.0
137,35,1,23.911356132176294,25.161294035867137,25.411294035867137,0.003431680069866359,-0.25
138,35,2,26.86785504972852,25.45122626932417,25.45122626932417,0.003565703995859115,0.0
139,35,3,26.472424932377226,25.73970084470951,25.48970084470951,0.0034149986698859365,0.25
140,35,4,25.81529938616642,25.46184707615871,25.46184707615871,0.004214223437501044,0.0
141,36,1,25.62974566637511,25.200575048678004,25.450575048678004,0.004092180308729288,-0.25
142,36,2,23.80201680615726,25.454008640249267,25.454008640249267,0.004166533796293415,0.0
143,36,3,24.505390298516698,25.699758216238166,25.449758216238166,0.0035981938837408,0.25
144,36,4,23.91120678063808,25.425092060414656,25.425092060414656,0.0031843483793480513,0.0
145,37,1,26.65671199636382,25.199104003839622,25.449104003839622,0.0024385764010115365,-0.25
146,37,2,26.254331282520297,25.492342194041008,25.492342194041008,0.001777235507625086,0.0
147,37,3,24.443927158959006,25.703433843528092,25.453433843528092,0.0023109352474588825,0.25
148,37,4,26.836771920436814,25.468209096605623,25.468209096605623,0.002789130155566505,0.0
149,38,1,24.126485496917788,25.19765477627962,25.44765477627962,0.002576772603496997,-0.25
150,38,2,25.17030809434779,25.47228563252614,25.47228563252614,0.0022022545652306434,0.0
151,38,3,26.268543497474262,25.728655166876027,25.478655166876027,0.0017266220293252845,0.25
152,38,4,26.158034280575308,25.45466093252728,25.45466093252728,0.0016203370156106583,0.0
153,39,1,24.313316732959805,25.25455689796792,25.50455689796792,0.0015893120640861045,-0.25
154,39,2,28.20656301758539,25.499617613839725,25.499617613839725,0.0017563587394768775,0.0
155,39,3,27.615717494872314,25.751663511087564,25.501663511087564,0.0019345944329828767,0.25
156,39,4,26.083915731382,25.465382680597557,25.465382680597557,0.0019847851645493075,0.0
157,40,1,26.151248379235856,25.24078700162983,25.49078700162983,0.0022849765590343962,-0.25
158,40,2,24.91864529016958,25.494646863872678,25.494646863872678,0.0010405141578984428,0.0
159,40,3,25.588697818477705,25.79214761636756,25.54214761636756,0.0007335270037479053,0.25
160,40,4,24.319819495094915,25.535382691771073,25.535382691771073,0.00045009038420995746,0.0
161,41,1,25.043896172553485,25.27027338977369,25.52027338977369,0.0010515403718455688,-0.25
162,41,2,28.592705058455078,25.55268993752264,25.55268993752264,0.0006499103960730686,0.0
163,41,3,26.35578870552516,25.78452075766968,25.53452075766968,0.0012334437454484069,0.25
164,41,4,27.31607537505692,25.514377105119618,25.514377105119618,0.0007588383093544882,0.0
165,42,1,26.93966666211124,25.25225669671456,25.50225669671456,0.0013535575301015907,-0.25
166,42,2,25.02183812507338,25.487804886841396,25.487804886841396,0.0007612954146576874,0.0
167,42,3,24.47831138178467,25.762838600279647,25.512838600279647,0.00022022348148587338,0.25
168,42,4,25.758335102437297,25.499496295989257,25.499496295989257,5.359347011120935e-05,0.0
169,43,1,24.791529689928847,25.25915183911889,25.50915183911889,-0.0004445950600296679,-0.25
170,43,2,26.410095966046384,25.534327911929267,25.534327911929267,-0.0006966714092038759,0.0
171,43,3,27.359136228696446,25.796633632687417,25.546633632687417,0.0003155590065972778,0.25
172,43,4,29.405957996239938,25.58253140976551,25.58253140976551,0.00034064031706359897,0.0
173,44,1,27.306813192732935,25.33637701826484,25.58637701826484,-1.535209081661475e-05,-0.25
174,44,2,28.16163881719826,25.583259914627405,25.583259914627405,0.0012610160512881517,0.0
175,44,3,24.66479644485275,25.857163217985924,25.607163217985924,0.001836463262143677,0.25
176,44,4,25.9174270802297,25.610216078164072,25.610216078164072,0.0022062652014503527,0.0
177,45,1,27.989363465682437,25.360471939201318,25.610471939201318,0.0016616403475942835,-0.25
178,45,2,26.616416659845243,25.604858696882022,25.604858696882022,0.0019882464471745625,0.0
179,45,3,25.493960933181427,25.84583662473408,25.59583662473408,0.0025974360052271697,0.25
180,45,4,27.528176760386934,25.559705480957927,25.559705480957927,0.002950116626368519,0.0
181,46,1,27.18924452809171,25.32417792393692,25.57417792393692,0.0026917007485452314,-0.25
182,46,2,24.677230603846354,25.57843985673391,25.57843985673391,0.0025069154960933003,0.0
183,46,3,25.477716080922846,25.849958364001417,25.599958364001417,0.0026437362717746907,0.25
184,46,4,27.16588766871372,25.599337148750557,25.599337148750557,0.002555978249601879,0.0
185,47,1,22.645397571743032,25.373232939675717,25.623232939675717,0.002286628671496935,-0.25
186,47,2,25.87064349772119,25.611235478216756,25.611235478216756,0.002026625931484974,0.0
187,47,3,25.651031640569315,25.862499710221538,25.612499710221538,0.001478564938427991,0.25
188,47,4,24.854715690232755,25.603284885499743,25.603284885499743,0.001133261427142469,0.0
189,48,1,27.1928931082072,25.387222671450097,25.637222671450097,0.00086051986118798,-0.25
190,48,2,28.57017677080837,25.648264332239055,25.648264332239055,0.0014244246329776456,0.0
191,48,3,26.63423485010513,25.887400486646797,25.637400486646797,0.0013244075126618822,0.25
192,48,4,25.483894189688222,25.64571559257807,25.64571559257807,0.00022350638749893512,0.0
193,49,1,28.689135872401977,25.42459354185444,25.67459354185444,0.0005145133259378426,-0.25
194,49,2,24.78155893749666,25.682061562990334,25.682061562990334,0.00022545402657106852,0.0
195,49,3,24.554577606722813,25.93426251088272,25.68426251088272,-0.0004427376072691652,0.25
196,49,4,26.5729202582621,25.690529665715026,25.690529665715026,-0.00028967988620900173,0.0
197,50,1,26.2232256218784,25.468549214270904,25.718549214270904,-0.0006933444858919042,-0.25
198,50,2,24.6140702846986,25.67371547309238,25.67371547309238,-0.000589387959696303,0.0
199,50,3,26.20902941701736,25.927936853237252,25.677936853237252,-6.657180092251936e-05,0.25
200,50,4,26.32980393143697,25.66052643097028,25.66052643097028,-0.00047515625713676193,0.0
201,51,1,27.134968592376186,25.427378473606005,25.677378473606005,-0.0010753195697444037,-0.25
202,51,2,26.401010071990996,25.671723627545003,25.671723627545003,-0.0010731236284444758,0.0
203,51,3,29.005363346466016,25.927651546738826,25.677651546738826,-0.0014832209104524827,0.25
204,51,4,28.93433644600465,25.699780944363013,25.699780944363013,-0.000653888641191425,0.0
205,52,1,23.27694910930239,25.425035735054177,25.675035735054177,-0.0015646213495773215,-0.25
206,52,2,27.620685444220875,25.669096970008113,25.669096970008113,-0.002016183861311573,0.0
207,52,3,28.112019415467913,25.92003950118575,25.67003950118575,-0.0018070471910680622,0.25
208,52,4,26.180126260662345,25.680201818325987,25.680201818325987,-0.0016853600973851877,0.0
209,53,1,24.804464082237807,25.444834887857557,25.694834887857557,-0.002423967754990565,-0.25
210,53,2,24.853404605651814,25.70397895114166,25.70397895114166,-0.0029394567979262,0.0
211,53,3,24.319936222590517,25.947968651948646,25.697968651948646,-0.0025962856951453066,0.25
212,53,4,25.954950622223354,25.68495422292298,25.68495422292298,-0.003420906886601764,0.0
213,54,1,27.0146416532655,25.42554638864057,25.67554638864057,-0.002755438414336118,-0.25
214,54,2,27.7620622046392,25.68437034180308,25.68437034180308,-0.0021857762097890893,0.0
215,54,3,28.176216590309984,25.95093392418713,25.70093392418713,-0.002291912263925797,0.25
216,54,4,25.821653746563353,25.65729257033815,25.65729257033815,-0.00157250162232902,0.0
217,55,1,26.545911764693656,25.41893177349159,25.66893177349159,0.0001376898330246255,-0.25
218,55,2,29.12820443644626,25.64433276826251,25.64433276826251,-0.000362992317284688,0.0
219,55,3,27.20840600012162,25.890896735845693,25.640896735845693,-0.0005382108852014934,0.25
220,55,4,26.536095359892446,25.632685916422993,25.632685916422993,-0.0003431314381139326,0.0
221,56,1,24.887156882141532,25.389455162877507,25.639455162877507,0.00015277980732785227,-0.25
222,56,2,26.287785813876866,25.61727756345252,25.61727756345252,0.0010591752068135917,0.0
223,56,3,27.963892075370254,25.8727567590274,25.6227567590274,0.001641888009973161,0.25
224,56,4,25.55762312298328,25.634007496394716,25.634007496394716,0.0010408905127761582,0.0
225,57,1,27.06907754702566,25.400004289736795,25.650004289736795,0.0003102804160293619,-0.25
226,57,2,29.686635645592474,25.660894716333246,25.660894716333246,0.0005139415529788476,0.0
227,57,3,29.08135937939147,25.901710259217054,25.651710259217054,0.00038973757026905027,0.25
228,57,4,25.961778669929796,25.65845378882464,25.65845378882464,-0.0002307931351076613,0.0
229,58,1,27.77314608059591,25.407883245918278,25.657883245918278,0.00038194117233890883,-0.25
230,58,2,27.39043574078026,25.671833415541975,25.671833415541975,0.00027124850391014026,0.0
231,58,3,26.487004482626656,25.934549511121773,25.684549511121773,0.0008683284882618673,0.25
232,58,4,29.300517764684308,25.68749184618945,25.68749184618945,0.0014197008717891227,0.0
233,59,1,24.187724291540878,25.429958630339346,25.679958630339346,0.0014387399934369506,-0.25
234,59,2,24.81182527034392,25.678533419380884,25.678533419380884,0.0019292413794149126,0.0
235,59,3,26.306771113057938,25.939002967651543,25.689002967651543,0.002462263613731387,0.25
236,59,4,25.747308740864998,25.688490649391902,25.688490649391902,0.0018570886325437385,0.0
237,60,1,22.949751654652797,25.40893544906233,25.65893544906233,0.0017596168777732114,-0.25
238,60,2,24.74802310351691,25.654879052524656,25.654879052524656,0.00167556678322053,0.0
239,60,3,27.047631883469275,25.900453294808912,25.650453294808912,0.001353116749775987,0.25
240,60,4,24.967398538406187,25.640463527374564,25.640463527374564,0.0017626769464146844,0.0
241,61,1,26.848658685897004,25.36378332545002,25.61378332545002,0.001263128612032352,-0.25
242,61,2,25.516560063902098,25.602228944917503,25.602228944917503,0.0007697250628554208,0.0
243,61,3,27.733494804475495,25.844568699092278,25.594568699092278,0.0009223970975660528,0.25
244,61,4,26.06377313768875,25.580844315094463,25.580844315094463,0.0007301300025819696,0.0
245,62,1,24.646789661511313,25.312907883165288,25.562907883165288,0.0005572757692244033,-0.25
246,62,2,27.18252069330031,25.56910648588392,25.56910648588392,0.0003891286218392554,0.0
247,62,3,25.137794522689216,25.797614888686923,25.547614888686923,0.0005054330132110802,0.25
248,62,4,25.107960646152947,25.558477976824115,25.558477976824115,0.0015219520625481796,0.0
249,63,1,26.579911829011017,25.342268492662587,25.592268492662587,0.0009384274174647577,-0.25
250,63,2,26.813799148513244,25.601505704707854,25.601505704707854,0.0012002309778056685,0.0
251,63,3,26.24443043827445,25.842876652138433,25.592876652138433,0.0010787830076428057,0.25
252,63,4,24.437383981625246,25.589236098595563,25.589236098595563,0.0016494762861415657,0.0
253,64,1,26.947319684475428,25.34991243699941,25.59991243699941,0.0017540934468922255,-0.25
254,64,2,23.829613375678647,25.616804924725674,25.616804924725674,0.0021363654745795695,0.0
255,64,3,26.661858270374736,25.815226819522042,25.565226819522042,0.001880600074044411,0.25
256,64,4,25.727463421989118,25.56702104140629,25.56702104140629,0.0019246972022258714,0.0
257,65,1,25.373853938640824,25.294940731053504,25.544940731053504,0.002484564686582393,-0.25
258,65,2,25.99478318814582,25.544706676067786,25.544706676067786,0.0022098334970365877,0.0
259,65,3,26.21955407458967,25.824364323098514,25.574364323098514,0.0008942766521443963,0.25
260,65,4,24.983478768066664,25.5675825383334,25.5675825383334,0.0002336674634327566,0.0
261,66,1,26.665712989553736,25.297501484771697,25.547501484771697,-0.0003163196102204458,-0.25
262,66,2,24.960334931042528,25.557233212871143,25.557233212871143,-0.0013718269119810747,0.0
263,66,3,26.81622003313965,25.818138789262417,25.568138789262417,-0.0016143843029610984,0.25
264,66,4,24.312809897878452,25.55289977102252,25.55289977102252,-0.001868417382292832,0.0
265,67,1,26.32367114836549,25.249115965717486,25.499115965717486,-0.0017774810228376047,-0.25
266,67,2,27.756813507586422,25.491991631473027,25.491991631473027,-0.0026875940618420347,0.0
267,67,3,25.84596969598542,25.760297294964897,25.510297294964897,-0.0015752971801458072,0.25
268,67,4,26.618290187622765,25.505529097070085,25.505529097070085,-0.0016658905304830088,0.0
269,68,1,25.75322810086907,25.26570757495579,25.51570757495579,-0.0014128602273545952,-0.25
270,68,2,24.713397708942864,25.51370022753094,25.51370022753094,-0.0015046286848184815,0.0
271,68,3,26.19927026571115,25.740238271435985,25.490238271435985,-0.001061373326507863,0.25
272,68,4,27.042626482098353,25.50470052390489,25.50470052390489,-0.0005825723972162077,0.0
273,69,1,27.669329642368737,25.23437303672107,25.48437303672107,-0.0006126241304960965,-0.25
274,69,2,25.504142836935642,25.510298931032573,25.510298931032573,-0.00032420187515682747,0.0
275,69,3,24.61614495471339,25.759208287230045,25.509208287230045,-0.0008653593827758219,0.25
276,69,4,25.34882108750469,25.46224462441351,25.46224462441351,-0.0006857474035537441,0.0
277,70,1,24.649300716684166,25.188086735109987,25.438086735109987,-0.0005581202749683456,-0.25
278,70,2,26.700986315735356,25.421920873061765,25.421920873061765,-0.0001582431791273343,0.0
279,70,3,25.684063501603422,25.682101688126814,25.432101688126814,0.0001250477842747579,0.25
280,70,4,23.987305251134988,25.40947082354369,25.40947082354369,0.0006834334565832946,0.0
281,71,1,26.67344341445955,25.165550543797018,25.415550543797018,0.0005669857801620762,-0.25
282,71,2,26.643520074972812,25.435725641042062,25.435725641042062,0.0008751452678946085,0.0
283,71,3,25.40221492950014,25.691005650801614,25.441005650801614,0.000694560626869938,0.25
284,71,4,25.44680293085521,25.451926376213386,25.451926376213386,0.0008070005205233332,0.0
285,72,1,22.17977930683614,25.174223550979843,25.424223550979843,0.0017729441725956273,-0.25
286,72,2,26.98438195355937,25.431883420727363,25.431883420727363,0.002306222534383193,0.0
287,72,3,27.42075761966183,25.67201527169636,25.42201527169636,0.003290893066498617,0.25
288,72,4,24.79123364413396,25.427859830786392,25.427859830786392,0.0022195428783922176,0.0
289,73,1,27.18323951336132,25.202551343499298,25.452551343499298,0.0021726354637513646,-0.25
290,73,2,24.855532124209198,25.449165311701623,25.449165311701623,0.002321888479181272,0.0
291,73,3,24.8379827328642,25.688157602491863,25.438157602491863,0.002078696807892701,0.25
292,73,4,22.215959676370886,25.446644172249666,25.446644172249666,0.0017771202622183246,0.0
293,74,1,28.231729490051606,25.211329778774115,25.461329778774115,0.00205242447939447,-0.25
294,74,2,26.582680700659623,25.488393537147555,25.488393537147555,0.0016756558770180921,0.0
295,74,3,27.356255710993075,25.765272338129503,25.515272338129503,0.0014956084257383296,0.25
296,74,4,26.44779388506347,25.533357972370354,25.533357972370354,0.0016493910856222845,0.0
297,75,1,26.152878835367968,25.290053902726953,25.540053902726953,0.0017758269061767058,-0.25
298,75,2,24.91268316386691,25.536912541871434,25.536912541871434,0.0017819045609249993,0.0
299,75,3,25.83957390197755,25.782520592728922,25.532520592728922,0.0017345474576785128,0.25
300,75,4,26.57986865098071,25.525586122302595,25.525586122302595,0.002142221295084704,0.0
301,76,1,26.851009007760602,25.265090708465415,25.515090708465415,0.002174895266099599,-0.25
302,76,2,26.269910428107554,25.54854156712167,25.54854156712167,0.0008763205870115395,0.0
303,76,3,27.968940216018616,25.814470808823526,25.564470808823526,0.0007260124641669661,0.25
304,76,4,29.257242914446497,25.59433698145511,25.59433698145511,-9.133690969930506e-07,0.0
305,77,1,24.53016675912047,25.34657287065933,25.59657287065933,-4.717216446229956e-05,-0.25
306,77,2,24.234927007868766,25.613961047507686,25.613961047507686,3.359085849074534e-05,0.0
307,77,3,25.799001829693488,25.884423077005067,25.634423077005067,-0.0007839082671166849,0.25
308,77,4,28.280252379398235,25.641410005212368,25.641410005212368,-0.0005709481962300668,0.0
309,78,1,28.459795167909263,25.365741383768324,25.615741383768324,-5.380867513343529e-06,-0.25
310,78,2,25.590504977109894,25.635065728832306,25.635065728832306,0.0006477863754421679,0.0
311,78,3,28.40869156009438,25.883401513418914,25.633401513418914,0.0011660163584059707,0.25
312,78,4,27.175041598032667,25.601323681097654,25.601323681097654,0.0017708035173636585,0.0
313,79,1,26.507156839097124,25.352464133436808,25.602464133436808,0.0012969751634071846,-0.25
314,79,2,24.657452269580087,25.616783381754434,25.616783381754434,0.001137250961394435,0.0
315,79,3,27.8704559549506,25.88300144669053,25.63300144669053,0.00045694108686923315,0.25
316,79,4,25.620317292127208,25.648569179516997,25.648569179516997,0.00045728512321257527,0.0
317,80,1,23.38402331464535,25.39277805785092,25.64277805785092,0.0002861503622830845,-0.25
318,80,2,25.120921856093492,25.60428664460395,25.60428664460395,0.0004605255610246558,0.0
319,80,3,24.374627167462094,25.815207835475324,25.565207835475324,0.0006443154512247169,0.25
320,80,4,27.668142605623306,25.54164560532576,25.54164560532576,0.0005835573919677148,0.0
321,81,1,25.798065520582004,25.28187297601153,25.53187297601153,0.00024209711633927148,-0.25
322,81,2,25.952845024325292,25.55574372571724,25.55574372571724,0.0005782560640191117,0.0
323,81,3,26.859693762137063,25.812747016423085,25.562747016423085,0.0007512627643025451,0.25
324,81,4,26.443781915554187,25.55822315948875,25.55822315948875,-0.0002585752827249497,0.0
325,82,1,26.423297651862708,25.2955468652132,25.5455468652132,-0.0003420140143999152,-0.25
326,82,2,27.160568870001562,25.560266293859595,25.560266293859595,-0.0005686868603159397,0.0
327,82,3,27.883516296850264,25.795302079873103,25.545302079873103,-0.0013163605829738757,0.25
328,82,4,24.937362069847705,25.547136749574502,25.547136749574502,-0.0018414082129902625,0.0
329,83,1,23.688692570246644,25.30188207026703,25.55188207026703,-0.0026641162078599517,-0.25
330,83,2,25.94555141808254,25.512666492127227,25.512666492127227,-0.0033969601839802677,0.0
331,83,3,24.985802692808257,25.744739592421737,25.494739592421737,-0.002297686947386588,0.25
332,83,4,26.13577478197475,25.488508191125362,25.488508191125362,-0.0021002335288785663,0.0
333,84,1,27.201944954122013,25.240011736560348,25.490011736560348,-0.0021038640076451636,-0.25
334,84,2,26.620629480765174,25.489092614119794,25.489092614119794,-0.0024625607685003167,0.0
335,84,3,26.271799750622503,25.77554236996748,25.52554236996748,-0.0028250521768933595,0.25
336,84,4,23.740202811015383,25.505374884770145,25.505374884770145,-0.0027561193133571913,0.0
337,85,1,26.577912076884463,25.21075955128394,25.46075955128394,-0.0019907929785252126,-0.25
338,85,2,27.218406829264953,25.432878242734297,25.432878242734297,-0.0014103652643985636,0.0
339,85,3,27.044925408004467,25.68997950479591,25.43997950479591,-0.0023641944685763184,0.25
340,85,4,24.12634932312822,25.42133363454634,25.42133363454634,-0.00215314926647878,0.0
341,86,1,26.568518680647575,25.13062402486351,25.38062402486351,-0.0020677487127033862,-0.25
342,86,2,26.33011316186649,25.353413004520984,25.353413004520984,-0.0017618192058734357,0.0
343,86,3,25.75316069432592,25.60892164700108,25.35892164700108,-0.0019919346890972032,0.25
344,86,4,26.630240759108595,25.363243463099135,25.363243463099135,-0.002141009019791904,0.0
345,87,1,23.8881134641328,25.082661859020337,25.332661859020337,-0.0014545635178988122,-0.25
346,87,2,26.24209907741174,25.33306735891659,25.33306735891659,-0.001517456342248179,0.0
347,87,3,28.4195747079291,25.572632676036935,25.322632676036935,-0.001309963492459983,0.25
348,87,4,24.639539248143706,25.353383379810186,25.353383379810186,-0.0012637478625744016,0.0
349,88,1,23.17459338881401,25.07897052705489,25.32897052705489,-0.000923326051739497,-0.25
350,88,2,25.542058865253388,25.342283474606315,25.342283474606315,-0.00031913922355409176,0.0
351,88,3,24.978537651653486,25.61311892530533,25.36311892530533,-0.00016883862329673198,0.25
352,88,4,27.934815237148086,25.36351863156329,25.36351863156329,-0.0007423809972755157,0.0
353,89,1,22.679943921900126,25.143367819308992,25.393367819308992,-0.0005705847357400009,-0.25
354,89,2,26.85457276075264,25.381942608440696,25.381942608440696,-0.00045678919723409536,0.0
355,89,3,27.348733107067908,25.625243186843026,25.375243186843026,-0.001024183202130787,0.25
356,89,4,28.11546794774312,25.393082523402146,25.393082523402146,-0.0014932501667331735,0.0
357,90,1,26.598077154325185,25.134119687915945,25.384119687915945,-0.0015930711279393533,-0.25
358,90,2,25.758490797682626,25.385424567437568,25.385424567437568,-0.0017071920705697193,0.0
359,90,3,26.865416625064174,25.6135008154272,25.3635008154272,-0.0018312214963243784,0.25
360,90,4,25.694348985076783,25.37071361243281,25.37071361243281,-0.0020302141116563693,0.0
361,91,1,27.01033065161259,25.12941778127018,25.37941778127018,-0.0010755398689256596,-0.25
362,91,2,25.018867135300706,25.37163465874818,25.37163465874818,-0.0008391321546226791,0.0
363,91,3,23.785977308240515,25.594023969860597,25.344023969860597,-0.0010637292050690711,0.25
364,91,4,23.59106775522017,25.34383165704677,25.34383165704677,-0.000924419160476905,0.0
365,92,1,25.144486901177807,25.0903695318774,25.3403695318774,0.00014203075453298722,-0.25
366,92,2,25.3822223942274,25.323731490078853,25.323731490078853,0.00015260621860626648,0.0
367,92,3,26.64109510599967,25.54737528815858,25.29737528815858,0.0002159113610105806,0.25
368,92,4,26.6312743145478,25.33716997720388,25.33716997720388,-7.253111437284938e-05,0.0
369,93,1,24.384067708082906,25.050991260069438,25.300991260069438,0.0001581270986622432,-0.25
370,93,2,23.801593263215985,25.274665147419764,25.274665147419764,0.0005662211607135029,0.0
371,93,3,27.962313193313552,25.531759094773285,25.281759094773285,0.00017545274700850967,0.25
372,93,4,23.78163494216895,25.246944260937756,25.246944260937756,0.0005966417550952133,0.0
373,94,1,23.173523083962362,24.973363222840934,25.223363222840934,0.000847010617737296,-0.25
374,94,2,24.18380322063344,25.237532134579244,25.237532134579244,0.0008290041253924058,0.0
375,94,3,25.146681399182587,25.44795196077092,25.19795196077092,0.0005132005859944072,0.25
376,94,4,25.66911086675937,25.24617001358101,25.24617001358101,0.00013515448399242666,0.0
377,95,1,24.594635872689807,24.993555337920757,25.243555337920757,0.0006195270781779185,-0.25
378,95,2,23.71961825277551,25.255371414171485,25.255371414171485,0.0015242620555067875,0.0
379,95,3,24.936345201001355,25.520364808356188,25.270364808356188,0.002221510575593841,0.25
380,95,4,26.716178306290395,25.254821699987907,25.254821699987907,0.0016622156684195652,0.0
381,96,1,26.148934082986038,25.046988928289892,25.296988928289892,0.0013915079728288042,-0.25
382,96,2,25.677698518043986,25.31606335328203,25.31606335328203,0.001399460526585643,0.0
383,96,3,26.765803828115814,25.54712642137847,25.29712642137847,0.001435496987546743,0.25
384,96,4,24.409686506102194,25.267835359073636,25.267835359073636,0.00022674928237076159,0.0
385,97,1,26.514261488479686,24.98892268513453,25.23892268513453,9.988004668754627e-05,-0.25
386,97,2,24.025794146055297,25.245515336066518,25.245515336066518,0.0005818788953797926,0.0
387,97,3,26.61839103777902,25.465754936902663,25.215754936902663,-5.563531257460656e-05,0.25
388,97,4,23.156835539028705,25.232537539897038,25.232537539897038,0.00038023137035127094,0.0
389,98,1,25.25375939088203,25.023585212629264,25.273585212629264,0.0007540499902157971,-0.25
390,98,2,25.01461983050404,25.250836779714867,25.250836779714867,0.000948816418173595,0.0
391,98,3,22.834289247357187,25.49714008383188,25.24714008383188,0.0009184928626061443,0.25
392,98,4,27.417236408575633,25.264073223698713,25.264073223698713,0.0018153442032812842,0.0
393,99,1,29.129648619129828,24.98997116675031,25.23997116675031,0.0015558907792640503,-0.25
394,99,2,23.028793558327134,25.256729801027408,25.256729801027408,0.0008354205199212929,0.0
395,99,3,26.271036344996812,25.4951268802008,25.2451268802008,0.00040579982786614644,0.25
396,99,4,24.01516645370173,25.266288223926928,25.266288223926928,0.00035615394791438013,0.0
397,100,1,26.61936872243143,25.02930827021585,25.27930827021585,0.0008710102815687225,-0.25
398,100,2,24.557537917316996,25.30398096496206,25.30398096496206,0.0007757589755366388,0.0
399,100,3,27.284304034388246,25.574666781854383,25.324666781854383,0.0016481029326158895,0.25
400,100,4,26.354498377170216,25.32442202747494,25.32442202747494,0.002612648848327042,0.0
401,101,1,28.229851187451015,25.064685837649133,25.314685837649133,0.0025659260956814767,-0.25
402,101,2,24.855134026253882,25.319415819290906,25.319415819290906,0.0025783088952664487,0.0
403,101,3,28.07478533704728,25.543570266643638,25.293570266643638,0.0033555451770444283,0.25
404,101,4,28.36464110237429,25.286964126655658,25.286964126655658,0.003620396936021904,0.0
405,102,1,25.365312800344018,25.0295635228723,25.2795635228723,0.003715483088915436,-0.25
406,102,2,24.763906520854494,25.314254345459947,25.314254345459947,0.0029563327354631286,0.0
407,102,3,27.298599793136887,25.536369811532975,25.286369811532975,0.0026182907870719594,0.25
408,102,4,25.615264293067867,25.272367246678467,25.272367246678467,0.002300767974846482,0.0
409,103,1,28.304181307453153,25.014984800545594,25.264984800545594,0.0022516515720624967,-0.25
410,103,2,26.26203721028555,25.262482040768816,25.262482040768816,0.0014823658766484967,0.0
411,103,3,27.454796167317745,25.50044374850354,25.25044374850354,0.001821306572508887,0.25
412,103,4,24.519165508403805,25.242312523126564,25.242312523126564,0.0017579090985746996,0.0
413,104,1,28.08416655028954,24.98567311113823,25.23567311113823,0.001913196810609755,-0.25
414,104,2,26.55466488606864,25.23181866004832,25.23181866004832,0.0014389498652167332,0.0
415,104,3,26.817531667825815,25.4514460817777,25.2014460817777,0.0010911164980423964,0.25
416,104,4,25.269786783205394,25.226586389275813,25.226586389275813,0.0008475955114877682,0.0
417,105,1,24.215389785300594,24.982786713379628,25.232786713379628,0.0006392645757608552,-0.25
418,105,2,22.26618822758341,25.235947257309874,25.235947257309874,0.0007930500062512558,0.0
419,105,3,22.748505077759376,25.482826829476366,25.232826829476366,0.0005559471949332018,0.25
420,105,4,26.331180609153336,25.216176847742826,25.216176847742826,0.000996862706805021,0.0
421,106,1,28.231470255519202,24.990020245179608,25.240020245179608,0.0015674617614044972,-0.25
422,106,2,28.688036950730343,25.24180546491025,25.24180546491025,0.0020420746654893217,0.0
423,106,3,23.003822134793126,25.483494278451044,25.233494278451044,0.0018410182317845434,0.25
424,106,4,25.989071972833063,25.25540583736125,25.25540583736125,0.0016702358448227915,0.0
425,107,1,26.997972291671807,25.003697656007446,25.253697656007446,0.001716063412022697,-0.25
426,107,2,24.27367650532885,25.276804519257738,25.276804519257738,0.002420196500885413,0.0
427,107,3,25.218480862747263,25.512172392352095,25.262172392352095,0.002727965040990263,0.25
428,107,4,27.870541784666933,25.273316067154177,25.273316067154177,0.0024161959538569885,0.0
429,108,1,24.161876314624106,25.004013151179898,25.254013151179898,0.002557026694512573,-0.25
430,108,2,26.2083820353822,25.21809078788275,25.21809078788275,0.0027972531618684036,0.0
431,108,3,24.06562340086807,25.47574741448724,25.22574741448724,0.0031864977600535123,0.25
432,108,4,24.498890188962577,25.218194678498794,25.218194678498794,0.003312854927249539,0.0
433,109,1,24.882039264160994,24.985085883195538,25.235085883195538,0.00389745401044475,-0.25
434,109,2,25.363264492561836,25.2116496905018,25.2116496905018,0.00409589505698394,0.0
435,109,3,25.101128512634574,25.480045431306795,25.230045431306795,0.0035143975550780433,0.25
436,109,4,27.24328130088204,25.260325875838095,25.260325875838095,0.0032709703366616072,0.0
437,110,1,26.814805228288378,25.008089188949906,25.258089188949906,0.004111715001212899,-0.25
438,110,2,25.728133148871297,25.256257206789055,25.256257206789055,0.004749492375981674,0.0
439,110,3,26.55174525728026,25.51692565636034,25.26692565636034,0.004270035375655592,0.25
440,110,4,27.707576448074,25.273916661342213,25.273916661342213,0.0045695631050887845,0.0
441,111,1,27.97973072425942,24.994743625066164,25.244743625066164,0.004361090047017705,-0.25
442,111,2,25.24083043274926,25.232709596444426,25.232709596444426,0.004594557680806784,0.0
443,111,3,27.014228910625118,25.497756281033737,25.247756281033737,0.004773372971274608,0.25
444,111,4,27.24760116461905,25.252917612534127,25.252917612534127,0.004606147909063366,0.0
445,112,1,25.783687093608837,24.995442592347608,25.245442592347608,0.0049029304039043065,-0.25
446,112,2,24.609140073644546,25.23747948544271,25.23747948544271,0.004755731950444771,0.0
447,112,3,25.117163723010993,25.46600731938398,25.21600731938398,0.005539751211661537,0.25
448,112,4,24.606391130665077,25.206854369559398,25.206854369559398,0.005201128867691555,0.0
449,113,1,26.041500736128384,24.955805797066116,25.205805797066116,0.004963188923704064,-0.25
450,113,2,26.914284071015796,25.21156670810279,25.21156670810279,0.004456151635251392,0.0
451,113,3,24.69614029996827,25.51195198040707,25.26195198040707,0.00459843315460694,0.25
452,113,4,25.248335707905948,25.27462592366788,25.27462592366788,0.004295094990286572,0.0
453,114,1,25.505370592479483,25.041183252449777,25.291183252449777,0.0038642642260811604,-0.25
454,114,2,26.22854654249371,25.258176564189032,25.258176564189032,0.003968465998989961,0.0
455,114,3,26.183344316581152,25.466951059485556,25.216951059485556,0.0036690549769979918,0.25
456,114,4,23.486527186899153,25.25319036770098,25.25319036770098,0.0029396656489455693,0.0
457,115,1,25.095830929271372,24.997053281547604,25.247053281547604,0.004162239526088992,-0.25
458,115,2,23.10367435131783,25.25127605883646,25.25127605883646,0.004040245675849483,0.0
459,115,3,26.57364183386592,25.52268323794205,25.27268323794205,0.0037123253416204566,0.25
460,115,4,23.634582402359634,25.26562011904793,25.26562011904793,0.003891380980075912,0.0
461,116,1,28.903778495207746,25.01142028553087,25.26142028553087,0.0041951447178396085,-0.25
462,116,2,24.52231229580466,25.28960255705863,25.28960255705863,0.004073780012891151,0.0
463,116,3,25.676073875102475,25.552417559867262,25.302417559867262,0.005394469546294793,0.25
464,116,4,24.753757947075066,25.297738608374964,25.297738608374964,0.00538449196589953,0.0
465,117,1,26.046934465967258,25.023494894222317,25.273494894222317,0.0055962084582184615,-0.25
466,117,2,26.080972973330113,25.279027273575345,25.279027273575345,0.005978589914940856,0.0
467,117,3,27.20504140013732,25.558697611373432,25.308697611373432,0.005510336701498655,0.25
468,117,4,24.170269756511054,25.307476223086038,25.307476223086038,0.0059253403412392385,0.0
469,118,1,24.84524944038751,25.08470588810242,25.33470588810242,0.005651648422839874,-0.25
470,118,2,24.85608311392784,25.30768203681734,25.30768203681734,0.005989768743937273,0.0
471,118,3,28.129371747773725,25.589855525333757,25.339855525333757,0.005998041678585783,0.25
472,118,4,27.0477501725996,25.348604822944488,25.348604822944488,0.005129211554039311,0.0
473,119,1,25.888294725138774,25.07693259714417,25.32693259714417,0.00512640819723639,-0.25
474,119,2,27.38721718614535,25.30142799090041,25.30142799090041,0.005803454097437218,0.0
475,119,3,26.283048255616826,25.591493687841353,25.341493687841353,0.005025721568141563,0.25
476,119,4,25.178243903053815,25.378213233460208,25.378213233460208,0.005794505330509841,0.0
477,120,1,26.7730252667739,25.199341337085126,25.449341337085126,0.006620128956322723,-0.25
478,120,2,28.896238980065025,25.444366684712257,25.444366684712257,0.006783788949156835,0.0
479,120,3,27.796118472528722,25.675615790210372,25.425615790210372,0.006809318740679446,0.25
480,120,4,27.06775429089201,25.42723648727473,25.42723648727473,0.006949007224587667,0.0
481,121,1,29.04634273304386,25.18602482132768,25.43602482132768,0.0068364274439983,-0.25
482,121,2,25.181830759044317,25.439405167091515,25.439405167091515,0.0075634659064304855,0.0
483,121,3,26.30495210696565,25.72120396337012,25.47120396337012,0.00798483305110005,0.25
484,121,4,24.674497018068656,25.48281567444676,25.48281567444676,0.00834610731776322,0.0
485,122,1,25.060546420358115,25.237313574670893,25.487313574670893,0.008376880077605987,-0.25
486,122,2,26.96320252432132,25.474376670845242,25.474376670845242,0.008090131083662237,0.0
487,122,3,26.393513545209498,25.733432893794525,25.483432893794525,0.008625646568517106,0.25
488,122,4,24.614005659682217,25.48583473377452,25.48583473377452,0.009309193500394454,0.0
489,123,1,26.023730643652268,25.23371198196137,25.48371198196137,0.009353072189622526,-0.25
490,123,2,24.766672472951928,25.48358973447257,25.48358973447257,0.008736859989872755,0.0
491,123,3,24.505702616089,25.76873792037575,25.51873792037575,0.008517020974764313,0.25
492,123,4,24.026960975260465,25.537540770656676,25.537540770656676,0.008619737739171723,0.0
493,124,1,26.04151817673156,25.3124495782689,25.5624495782689,0.008557500153640681,-0.25
494,124,2,26.593655782583312,25.57509870343782,25.57509870343782,0.008212366060411943,0.0
495,124,3,23.51068335367615,25.85085675535099,25.60085675535099,0.007472963302970136,0.25
496,124,4,27.020685583119267,25.612659909727086,25.612659909727086,0.0074343273242086175,0.0
497,125,1,27.784385091282765,25.35988924067974,25.60988924067974,0.0069426189513856935,-0.25
498,125,2,26.088456919158087,25.584470840558396,25.584470840558396,0.007184648743965577,0.0
499,125,3,27.34483833981391,25.8341987053662,25.5841987053662,0.0074616731595172035,0.25
500,125,4,28.668302587412885,25.593059694085863,25.593059694085863,0.00831191402810808,0.0
501,126,1,26.308089604852142,25.388755928847658,25.638755928847658,0.007978623833002536,-0.25
502,126,2,24.670984696967952,25.65977544980341,25.65977544980341,0.008656818735276269,0.0
503,126,3,25.89732369522203,25.8916187717575,25.6416187717575,0.00817927570202914,0.25
504,126,4,25.69319135549804,25.629389429456786,25.629389429456786,0.00798844047352221,0.0
505,127,1,25.870321569627276,25.4275472923113,25.6775472923113,0.008279632416438969,-0.25
506,127,2,24.53028144157368,25.673000681505638,25.673000681505638,0.00840738392120346,0.0
507,127,3,27.670380833340083,25.887650553140897,25.637650553140897,0.007987556239406585,0.25
508,127,4,22.983952792850687,25.678095354150763,25.678095354150763,0.008591974728229597,0.0
509,128,1,24.601634243726537,25.4425763585269,25.6925763585269,0.0077916208405075,-0.25
510,128,2,26.32160969372956,25.722928864497625,25.722928864497625,0.006807350117744302,0.0
511,128,3,25.210935150331878,25.988265246403763,25.738265246403763,0.006298647270969201,0.25
512,128,4,23.982574799521753,25.74302090737682,25.74302090737682,0.0062977329099527775,0.0
513,129,1,23.799452640196783,25.531775809728057,25.781775809728057,0.0068682007375819665,-0.25
514,129,2,28.76985848532157,25.835907337309024,25.835907337309024,0.007146554000276431,0.0
515,129,3,24.807746863050625,26.055443894286746,25.805443894286746,0.006814275062267617,0.25
516,129,4,25.489163687855303,25.781073048714997,25.781073048714997,0.007138371197997872,0.0
517,130,1,22.272298759714296,25.529531276220148,25.779531276220148,0.006892483549222556,-0.25
518,130,2,24.79093353640619,25.836947739936207,25.836947739936207,0.006652582109071644,0.0
519,130,3,27.917255332210985,26.077025316757418,25.827025316757418,0.007464081023581699,0.25
520,130,4,26.46899062694376,25.820733640178595,25.820733640178595,0.007370676694899857,0.0
521,131,1,23.24018047115582,25.604640680372135,25.854640680372135,0.0071318771804631245,-0.25
522,131,2,26.911976757426853,25.884013273208875,25.884013273208875,0.007627746433525642,0.0
523,131,3,26.840153361055915,26.1703135913146,25.9203135913146,0.00774428791231296,0.25
524,131,4,26.258308092842764,25.891489937790084,25.891489937790084,0.008144930123905892,0.0
525,132,1,25.759766034267884,25.65416914542547,25.90416914542547,0.008506561596159054,-0.25
526,132,2,24.979449237978496,25.899647478186647,25.899647478186647,0.007754377864836642,0.0
527,132,3,26.446526323362882,26.113172236118977,25.863172236118977,0.007590890518397198,0.25
528,132,4,25.257631602185473,25.881441840981854,25.881441840981854,0.00732574050220036,0.0
529,133,1,27.57530171696755,25.630030807269534,25.880030807269534,0.007138302079023413,-0.25
530,133,2,29.32844802731745,25.905253267552073,25.905253267552073,0.0073535986710628574,0.0
531,133,3,27.6397711731528,26.178980619467524,25.928980619467524,0.0074875905580917106,0.25
532,133,4,26.1166156415938,25.93909959970335,25.93909959970335,0.007108596570418477,0.0
533,134,1,27.610313610110484,25.710063722514434,25.960063722514434,0.006382689689577402,-0.25
534,134,2,28.316298788981953,25.957656024277536,25.957656024277536,0.0065732180127837095,0.0
535,134,3,25.799920949628156,26.223482964755977,25.973482964755977,0.007268964187736408,0.25
536,134,4,29.256811115229333,25.9951337500451,25.9951337500451,0.00682411123009328,0.0
537,135,1,26.13357958896035,25.74003495528122,25.99003495528122,0.006798098004456184,-0.25
538,135,2,26.685059652936598,25.96855642439721,25.96855642439721,0.006681194428381323,0.0
539,135,3,24.87988161559337,26.20104814587806,25.95104814587806,0.006456386879636284,0.25
540,135,4,26.523826139395016,25.967891178331175,25.967891178331175,0.006195825289901438,0.0
541,136,1,26.43609767091763,25.702884278503266,25.952884278503266,0.006289124118352018,-0.25
542,136,2,25.877693600834593,25.953617843312283,25.953617843312283,0.006480730678346466,0.0
543,136,3,27.9510824093725,26.23540733168925,25.98540733168925,0.006545157415312578,0.25
544,136,4,27.008350358980174,25.974895585321903,25.974895585321903,0.005876964486345694,0.0
545,137,1,27.804966839298082,25.697637985330378,25.947637985330378,0.00625597955788631,-0.25
546,137,2,26.573103291564646,25.940031124734546,25.940031124734546,0.006020343247885388,0.0
547,137,3,27.189450067251258,26.223008974320457,25.973008974320457,0.005809676243218917,0.25
548,137,4,25.094496120085143,25.940033795511543,25.940033795511543,0.006526526464166262,0.0
549,138,1,25.584770639733872,25.711007044124234,25.961007044124234,0.006745530885966088,-0.25
550,138,2,23.40190881110531,25.96666630728894,25.96666630728894,0.006671324233170341,0.0
551,138,3,27.516824006362935,26.22528667144461,25.97528667144461,0.006813554339592315,0.25
552,138,4,29.426302499474573,25.95939668974703,25.95939668974703,0.007222193683240425,0.0
553,139,1,25.7366300081021,25.689866363172502,25.939866363172502,0.006670459877971906,-0.25
554,139,2,26.735566824981554,25.948594120387003,25.948594120387003,0.006915675868371541,0.0
555,139,3,27.52222835641994,26.146800728145163,25.896800728145163,0.0071845910240086325,0.25
556,139,4,25.936883054389135,25.897890738600427,25.897890738600427,0.007001922906044003,0.0
557,140,1,26.618150420671892,25.681567940122296,25.931567940122296,0.00608043712878897,-0.25
558,140,2,27.16679576497513,25.942824731087754,25.942824731087754,0.006590639201261574,0.0
559,140,3,26.98571996947273,26.207306352766444,25.957306352766444,0.006817773485654334,0.25
560,140,4,26.2840408288396,25.962133111068724,25.962133111068724,0.00614955027951708,0.0
561,141,1,26.70837177295415,25.72623465464897,25.97623465464897,0.006040834426335057,-0.25
562,141,2,25.606105178614964,25.97978660752328,25.97978660752328,0.005774461733105562,0.0
563,141,3,25.506917526834485,26.21578353729862,25.96578353729862,0.005327942982264451,0.25
564,141,4,26.799197103491597,26.0411537966726,26.0411537966726,0.005275867091431869,0.0
565,142,1,24.840995599000674,25.800736560888872,26.050736560888872,0.006144250842755628,-0.25
566,142,2,26.124463221500022,26.0459579054141,26.0459579054141,0.006273773434755114,0.0
567,142,3,27.080028908370014,26.294367197031672,26.044367197031672,0.0059127159952016995,0.25
568,142,4,27.917682943531727,26.046078071507942,26.046078071507942,0.005348336596962509,0.0
569,143,1,24.065725887984197,25.832085933330937,26.082085933330937,0.00571462548388,-0.25
570,143,2,27.892517562719746,26.08100583126334,26.08100583126334,0.0057103313522205035,0.0
571,143,3,26.01195299380493,26.35314928566413,26.10314928566413,0.005902140726173014,0.25
572,143,4,24.821580523217346,26.11436964045007,26.11436964045007,0.0059217674554383455,0.0
573,144,1,25.27393641165184,25.90782514962749,26.15782514962749,0.006132108368115719,-0.25
574,144,2,25.574929417613706,26.164934337305905,26.164934337305905,0.007078729451365532,0.0
575,144,3,26.3984217234025,26.43924680867953,26.18924680867953,0.006457527439559104,0.25
576,144,4,25.503498827549993,26.20551973998408,26.20551973998408,0.0064953929122266675,0.0
577,145,1,27.341232802452865,25.919569358772065,26.169569358772065,0.005540597756779496,-0.25
578,145,2,26.668590094437352,26.17105313197273,26.17105313197273,0.00637883021043765,0.0
579,145,3,28.958901974952568,26.415192675140933,26.165192675140933,0.006552103253943207,0.25
580,145,4,29.196709638329857,26.169415792391597,26.169415792391597,0.007310153230731053,0.0
581,146,1,27.84167270157623,25.91721111710734,26.16721111710734,0.007384967250511543,-0.25
582,146,2,26.791390141741346,26.196208140773546,26.196208140773546,0.007347695561209965,0.0
583,146,3,27.189878962750015,26.466365757456042,26.216365757456042,0.007350432310478017,0.25
584,146,4,25.14814916448731,26.225901098215857,26.225901098215857,0.00751753007204529,0.0
585,147,1,27.3103213350599,26.004701570828786,26.254701570828786,0.006872401300656105,-0.25
586,147,2,28.0761242419427,26.28326812390543,26.28326812390543,0.006322474323281635,0.0
587,147,3,26.851275778562243,26.50975925114491,26.25975925114491,0.0063994242647849794,0.25
588,147,4,27.14702612549011,26.276653217163236,26.276653217163236,0.005621210524424341,0.0
589,148,1,25.53071104467237,26.04275518062347,26.29275518062347,0.0055038531177165366,-0.25
590,148,2,25.67919443571546,26.321596146733906,26.321596146733906,0.0053497360988249325,0.0
591,148,3,27.932264750778444,26.590684667425183,26.340684667425183,0.005355733263537161,0.25
592,148,4,27.838398076248012,26.377543286546977,26.377543286546977,0.004909236598980318,0.0
593,149,1,29.004796235341303,26.13235545852436,26.38235545852436,0.005880404186659452,-0.25
594,149,2,25.097771428787738,26.399228039024116,26.399228039024116,0.005254863375066364,0.0
595,149,3,29.199339768937676,26.64243599614924,26.39243599614924,0.005199972790495401,0.25
596,149,4,26.423740992552634,26.4175725281335,26.4175725281335,0.005143479115283756,0.0
597,150,1,26.77124546427669,26.19107144364791,26.44107144364791,0.005546473467027654,-0.25
598,150,2,27.69354275391089,26.428670710924074,26.428670710924074,0.006232382006857697,0.0
599,150,3,27.712408760356958,26.677082370617125,26.427082370617125,0.0073161600962384065,0.25
600,150,4,26.37760809473258,26.43865086043624,26.43865086043624,0.007785241762768766,0.0
601,151,1,27.119924444950207,26.227870690839836,26.477870690839836,0.008896835679846702,-0.25
602,151,2,24.67880996989837,26.490268588479445,26.490268588479445,0.00875320773697007,0.0
603,151,3,24.71034218613893,26.80345825329749,26.55345825329749,0.008252877468419302,0.25
604,151,4,28.041636221523493,26.595797787339734,26.595797787339734,0.008580880409924312,0.0
605,152,1,25.928092567399176,26.362336968086456,26.612336968086456,0.0076619459418158205,-0.25
606,152,2,25.058622209336235,26.58418327481464,26.58418327481464,0.007130862463289274,0.0
607,152,3,26.76984059290455,26.847839805278113,26.597839805278113,0.007339935183496882,0.25
608,152,4,25.494664156179862,26.583714361121498,26.583714361121498,0.007954359483166487,0.0
609,153,1,24.78541386447465,26.34964933245712,26.59964933245712,0.007243011755880725,-0.25
610,153,2,26.15964759299118,26.642421140427572,26.642421140427572,0.005942211110152752,0.0
611,153,3,24.687441189480065,26.888808734633102,26.638808734633102,0.006291421580340602,0.25
612,153,4,27.878122101830808,26.665077730140382,26.665077730140382,0.006499057104775597,0.0
613,154,1,24.480161828816886,26.42430542306598,26.67430542306598,0.00615266874435256,-0.25
614,154,2,27.974083555213767,26.698071260802603,26.698071260802603,0.006153106651100401,0.0
615,154,3,29.951851708802316,26.96302712374066,26.71302712374066,0.006256802926883708,0.25
616,154,4,27.693191168966493,26.728310207107832,26.728310207107832,0.006940052507784752,0.0
617,155,1,26.88211639324169,26.4851544189303,26.7351544189303,0.007119954126419727,-0.25
618,155,2,28.731734945524376,26.72136596508224,26.72136596508224,0.006829056140808642,0.0
619,155,3,27.957268530188607,26.958287116481948,26.708287116481948,0.007039280512642418,0.25
620,155,4,29.155325828278592,26.740083440381795,26.740083440381795,0.007073918628314242,0.0
621,156,1,24.98636543574341,26.500725548110033,26.750725548110033,0.005930876524850933,-0.25
622,156,2,27.609027191830606,26.751496016645543,26.751496016645543,0.005822838425160133,0.0
623,156,3,27.312341858660517,26.991241662705114,26.741241662705114,0.005899140785223674,0.25
624,156,4,29.440836297502035,26.723942610884233,26.723942610884233,0.006144264946674966,0.0
625,157,1,25.99759960548424,26.50036957985424,26.75036957985424,0.00568038064192525,-0.25
626,157,2,28.264366638580935,26.739845533075144,26.739845533075144,0.00564205041146916,0.0
627,157,3,28.30092986747219,26.984799521471153,26.734799521471153,0.005689372925634471,0.25
628,157,4,27.427496270751725,26.755822588476395,26.755822588476395,0.0049132217240672104,0.0
629,158,1,26.265935798950675,26.523871082616342,26.773871082616342,0.005523274329443292,-0.25
630,158,2,27.553516704484707,26.815381289166282,26.815381289166282,0.00619554652856044,0.0
631,158,3,27.777058845705465,27.08453697118622,26.83453697118622,0.006060998621805075,0.25
632,158,4,24.515902309592988,26.832167089176266,26.832167089176266,0.005861830606888308,0.0
633,159,1,29.392488052287792,26.588783657039198,26.838783657039198,0.0062217933174069096,-0.25
634,159,2,26.03245891731168,26.854760447951033,26.854760447951033,0.0055863261724524655,0.0
635,159,3,25.162951673973836,27.121464854608625,26.871464854608625,0.005920831780436705,0.25
636,159,4,26.043823036266897,26.893229294791578,26.893229294791578,0.0062979247010186675,0.0
637,160,1,27.307320338002494,26.627917323027333,26.877917323027333,0.007072830851128231,-0.25
638,160,2,27.928373061594428,26.87196506584674,26.87196506584674,0.008052519520814072,0.0
639,160,3,26.075529107124808,27.125206204611814,26.875206204611814,0.00758125617313184,0.25
640,160,4,26.713641566840614,26.850178160783084,26.850178160783084,0.007019969087705918,0.0
641,161,1,29.181580607838825,26.610070030623092,26.860070030623092,0.006181516113599039,-0.25
642,161,2,29.246719047528494,26.870903945069237,26.870903945069237,0.006248067426380697,0.0
643,161,3,27.63480794145613,27.12032565012146,26.87032565012146,0.006535697629110637,0.25
644,161,4,28.580641184211558,26.863360442527636,26.863360442527636,0.00637233707845379,0.0
645,162,1,26.358979708293624,26.60107979726592,26.85107979726592,0.00716869520054221,-0.25
646,162,2,26.665291623049,26.860173330014675,26.860173330014675,0.006512874689570907,0.0
647,162,3,27.844320687273722,27.117671484493275,26.867671484493275,0.0054011884997763136,0.25
648,162,4,29.162576942663634,26.87904032599702,26.87904032599702,0.004704360298014404,0.0
649,163,1,23.566656601029404,26.649192275004875,26.899192275004875,0.004391005258132075,-0.25
650,163,2,29.930752184849148,26.915240732422458,26.915240732422458,0.004867657223054912,0.0
651,163,3,26.180579840111864,27.146327028787777,26.896327028787777,0.00488155954133525,0.25
652,163,4,30.89920571586962,26.929704813360523,26.929704813360523,0.004895908371644555,0.0
653,164,1,25.85186515263866,26.69978751595176,26.94978751595176,0.0049192179724232375,-0.25
654,164,2,24.723922396312314,26.970430039248296,26.970430039248296,0.005928274811387359,0.0
655,164,3,27.636076970738078,27.219509929535707,26.969509929535707,0.006390089452200363,0.25
656,164,4,27.590122462201027,26.955007367582738,26.955007367582738,0.005798000595003945,0.0
657,165,1,27.94688693427994,26.696023160097663,26.946023160097663,0.005964122265095814,-0.25
658,165,2,30.643151278214976,26.90491032187372,26.90491032187372,0.006162831038752627,0.0
659,165,3,27.348568840392,27.151249254641236,26.901249254641236,0.006432382107122698,0.25
660,165,4,26.914078813349942,26.904381095516175,26.904381095516175,0.007118404440971787,0.0
661,166,1,27.072803285455656,26.6629058241499,26.9129058241499,0.006947762342024795,-0.25
662,166,2,26.763576288923787,26.94206567265682,26.94206567265682,0.007315330429853851,0.0
663,166,3,28.93901294122699,27.19972119222422,26.94972119222422,0.0077900164152847505,0.25
664,166,4,30.47037977025488,26.97570998830143,26.97570998830143,0.008034131686917918,0.0
665,167,1,24.610253420481918,26.767482365125268,27.017482365125268,0.008086523950962496,-0.25
666,167,2,28.069936943976902,27.04050514443177,27.04050514443177,0.00809011593062323,0.0
667,167,3,28.221254288837404,27.289096024760926,27.039096024760926,0.007650974595199418,0.25
668,167,4,27.68862842827977,27.051950436814828,27.051950436814828,0.0067818543092771025,0.0
669,168,1,28.65252636133196,26.793608948471974,27.043608948471974,0.006127529714063763,-0.25
670,168,2,23.97163348783232,27.06912453602573,27.06912453602573,0.00542775020890367,0.0
671,168,3,27.595409914022422,27.296622777729564,27.046622777729564,0.005613293733856208,0.25
672,168,4,28.318668067894844,27.03013081544488,27.03013081544488,0.005635311701958766,0.0
673,169,1,28.184631745971416,26.76531101735255,27.01531101735255,0.00608027655624612,-0.25
674,169,2,28.728170539600907,27.023016951253048,27.023016951253048,0.0057686623733625726,0.0
675,169,3,28.838482906469828,27.296249763192996,27.046249763192996,0.005851589345738319,0.25
676,169,4,27.955900155391195,27.025922733229248,27.025922733229248,0.005712722736224292,0.0
677,170,1,28.28534948826495,26.756579850391713,27.006579850391713,0.005573347076944134,-0.25
678,170,2,29.00528129183498,26.98053878182805,26.98053878182805,0.004696457277932717,0.0
679,170,3,29.332177845976073,27.250540964702015,27.000540964702015,0.004904488327598176,0.25
680,170,4,26.045895151313424,27.02436933368307,27.02436933368307,0.004971654741089905,0.0
681,171,1,26.21266597093862,26.787476131704164,27.037476131704164,0.0053192493203594714,-0.25
682,171,2,28.62205193322707,27.032532381900584,27.032532381900584,0.005486314924450053,0.0
683,171,3,29.778591584263733,27.289644504697403,27.039644504697403,0.005225274180480271,0.25
684,171,4,28.206056989614332,27.047609805124313,27.047609805124313,0.004871930351185999,0.0
685,172,1,25.79452913236819,26.813803248055788,27.063803248055788,0.004616419025206947,-0.25
686,172,2,25.43401808538628,27.042068017426235,27.042068017426235,0.004190272038169534,0.0
687,172,3,28.372344187507515,27.26003838890226,27.01003838890226,0.0035757504101918136,0.25
688,172,4,26.643541481558213,27.023395551200334,27.023395551200334,0.002461924607232171,0.0
689,173,1,25.55327081318427,26.761386667798025,27.011386667798025,0.002715723869003061,-0.25
690,173,2,27.135268798457066,26.999496170365248,26.999496170365248,0.0032470923988997245,0.0
691,173,3,25.907798190330908,27.28272327769668,27.03272327769668,0.0032003995876670284,0.25
692,173,4,29.971428599310013,27.024772300166457,27.024772300166457,0.00232050032500685,0.0
693,174,1,27.35086689759524,26.777233070579634,27.027233070579634,0.0022785173465987487,-0.25
694,174,2,27.678064910094616,27.022687861674747,27.022687861674747,0.0025659396305275904,0.0
695,174,3,28.209874570961073,27.247253479774532,26.997253479774532,0.002662448487391811,0.25
696,174,4,27.581028551807513,26.98224847711593,26.98224847711593,0.0018507489072372722,0.0
697,175,1,26.207586009365194,26.706478917215698,26.956478917215698,0.0021514217499948255,-0.25
698,175,2,28.227914906402567,26.928170910259354,26.928170910259354,0.0018268597502044857,0.0
699,175,3,29.454286673049232,27.186285444714628,26.936285444714628,0.001742074742883158,0.25
700,175,4,28.23701288012502,26.95867255232304,26.95867255232304,0.001243803402440199,0.0
701,176,1,28.759255111055882,26.73484110144145,26.98484110144145,0.0009947359427320468,-0.25
702,176,2,26.159060027276194,26.994258063406352,26.994258063406352,0.0008900374748617504,0.0
703,176,3,27.61877965143067,27.19975337819704,26.94975337819704,0.0008944940048783549,0.25
704,176,4,28.167623322260294,26.94519058454383,26.94519058454383,0.0012140755517206824,0.0
705,177,1,27.005041116499036,26.7070828986863,26.9570828986863,0.0014416996571506033,-0.25
706,177,2,25.53477931235003,26.93659514105674,26.93659514105674,0.0007298529682140028,0.0
707,177,3,27.147881109334616,27.16377192499413,26.91377192499413,0.0009006687711511417,0.25
708,177,4,25.29547609131907,26.89807115766105,26.89807115766105,0.0002523519107974824,0.0
709,178,1,27.272314223558773,26.6454667809263,26.8954667809263,6.27689022204798e-05,-0.25
710,178,2,27.014619254913537,26.913523191428794,26.913523191428794,0.0004555972529734719,0.0
711,178,3,27.65018768749881,27.18588656592082,26.93588656592082,0.00109868747316928,0.25
712,178,4,25.111752853759256,26.943623137166334,26.943623137166334,0.0009287077432744663,0.0
713,179,1,27.653462804676458,26.68803787751516,26.93803787751516,0.0011708516404188916,-0.25
714,179,2,27.297147342656267,26.951047797751123,26.951047797751123,0.0009505730579401806,0.0
715,179,3,26.228048208527078,27.198496424470882,26.948496424470882,0.0011952551225342827,0.25
716,179,4,29.12982564562953,26.95743225902657,26.95743225902657,0.0014912843177756782,0.0
717,180,1,25.32327690829654,26.694589148930014,26.944589148930014,0.0005442671155157926,-0.25
718,180,2,25.742224960405537,26.956495050208403,26.956495050208403,-8.564818736279522e-05,0.0
719,180,3,28.203593382133846,27.20199827690489,26.95199827690489,-4.0788595366753175e-05,0.25
720,180,4,28.702214113061242,26.94642494837106,26.94642494837106,1.1171696445404736e-05,0.0
721,181,1,27.60242825576377,26.674591112572713,26.924591112572713,0.0009397378768956468,-0.25
722,181,2,26.566430074493727,26.967465257211355,26.967465257211355,1.0014621071157315e-05,0.0
723,181,3,28.061447876630524,27.20297497402404,26.95297497402404,0.0001480796407103541,0.25
724,181,4,27.923446293124766,26.935812014553566,26.935812014553566,0.001001722664311816,0.0
725,182,1,27.214742137957618,26.719902329614246,26.969902329614246,0.0006255402108917745,-0.25
726,182,2,26.649346946991415,26.984395613442665,26.984395613442665,0.0011659793714344688,0.0
727,182,3,25.38610378921121,27.212701800980156,26.962701800980156,0.0009233950465140695,0.25
728,182,4,26.216839616165032,26.993656847499864,26.993656847499864,0.001571094949678816,0.0
729,183,1,26.125325361875692,26.760410871841618,27.010410871841618,0.00210217772571773,-0.25
730,183,2,25.686789037529355,26.97341699761576,26.97341699761576,0.001584231602245822,0.0
731,183,3,30.352814607589888,27.234194232400974,26.984194232400974,0.0010883281182184701,0.25
732,183,4,27.94571608899267,27.0177359050741,27.0177359050741,0.0011665558498011464,0.0
733,184,1,28.7099426951496,26.761196170753216,27.011196170753216,0.0007894014335814825,-0.25
734,184,2,27.883340888502193,27.051434601033158,27.051434601033158,0.0011991081966814593,0.0
735,184,3,27.70597151532798,27.302594952869402,27.052594952869402,0.0019207078460197302,0.25
736,184,4,27.15705713231159,27.041445845063723,27.041445845063723,0.002563328101446925,0.0
737,185,1,27.870473263992412,26.774550879283453,27.024550879283453,0.0026326223719579382,-0.25
738,185,2,28.6510562676965,26.996607436123202,26.996607436123202,0.002961579427265086,0.0
739,185,3,26.18300804233395,27.276627750829466,27.026627750829466,0.003140169872812108,0.25
740,185,4,28.063225418324855,27.024719808186372,27.024719808186372,0.002707548074967604,0.0
741,186,1,28.011999859401143,26.79134388901503,27.04134388901503,0.0016170308034892578,-0.25
742,186,2,30.332173868278115,27.04920848682397,27.04920848682397,0.002713241641883788,0.0
743,186,3,27.822548885217852,27.307100971242896,27.057100971242896,0.0021337147394351642,0.25
744,186,4,28.842891927756547,27.05690628611907,27.05690628611907,0.0017064022931992905,0.0
745,187,1,24.11090739359664,26.82284510385118,27.07284510385118,0.0011486021194890195,-0.25
746,187,2,27.60998175771375,27.073245319373807,27.073245319373807,0.0015790899376619855,0.0
747,187,3,28.726629477071885,27.313019849470948,27.063019849470948,0.002319057825788411,0.25
748,187,4,26.286125810715777,27.071044284227405,27.071044284227405,0.0024100600025463233,0.0
749,188,1,26.69519388546947,26.812132246304948,27.062132246304948,0.001989749197934619,-0.25
750,188,2,23.883979600871818,27.03874465136355,27.03874465136355,0.0023821752704606463,0.0
751,188,3,26.6688751188141,27.289171604410008,27.039171604410008,0.0031685882233167496,0.25
752,188,4,26.68678999688289,27.028131878438167,27.028131878438167,0.002685237266358249,0.0
753,189,1,28.251255548007396,26.791218569558126,27.041218569558126,0.002772560972698191,-0.25
754,189,2,26.34670158024679,27.035537994648713,27.035537994648713,0.0032232649516288317,0.0
755,189,3,29.13358463184692,27.329102396701543,27.079102396701543,0.0025653515572599764,0.25
756,189,4,26.711122141330385,27.064541188977273,27.064541188977273,0.0026949457619267103,0.0
757,190,1,28.106409307030432,26.839306594630852,27.089306594630852,0.002252144026396048,-0.25
758,190,2,24.677032173873606,27.076991719062963,27.076991719062963,0.0021283415346736597,0.0
759,190,3,26.854625586403206,27.32858385692645,27.07858385692645,0.0011016480522846744,0.25
760,190,4,26.24130466999093,27.053921377818778,27.053921377818778,0.0012507354431653844,0.0
761,191,1,26.501513835959198,26.815427335980292,27.065427335980292,0.0013029175032263354,-0.25
762,191,2,29.63253288046929,27.07809145746334,27.07809145746334,0.000870834842571389,0.0
763,191,3,28.34700574823777,27.338124380580247,27.088124380580247,0.0004595042090572774,0.25
764,191,4,28.761618159538305,27.05532076461243,27.05532076461243,0.00042562130245356496,0.0
765,192,1,28.905510794782302,26.810701826758063,27.060701826758063,0.00023236809643026177,-0.25
766,192,2,28.839414844548283,27.05405119408432,27.05405119408432,-7.578941707156629e-05,0.0
767,192,3,28.499501578750916,27.27866469879111,27.02866469879111,0.0008469571440508684,0.25
768,192,4,27.287149774311718,27.010999928684342,27.010999928684342,0.0006923489158821935,0.0
769,193,1,26.93338691926051,26.765856743825285,27.015856743825285,0.000783968236372665,-0.25
770,193,2,30.63986398203188,26.99976009986738,26.99976009986738,0.0007645438832211381,0.0
771,193,3,27.942809702154218,27.22542557294191,26.97542557294191,0.001619413321469478,0.25
772,193,4,28.781768441370932,26.96186496955348,26.96186496955348,0.002262085447561326,0.0
773,194,1,28.330211215152566,26.719400536178732,26.969400536178732,0.002861456179888837,-0.25
774,194,2,27.71772658552555,26.96577422245773,26.96577422245773,0.0034586104643275564,0.0
775,194,3,29.992312015211738,27.214145701775756,26.964145701775756,0.003983580127327163,0.25
776,194,4,28.589941914324775,26.96408931306922,26.96408931306922,0.0035536718788552316,0.0
777,195,1,29.509220869434408,26.719652860301455,26.969652860301455,0.003929921701836428,-0.25
778,195,2,27.976418067793922,27.006031832229628,27.006031832229628,0.004413655485707535,0.0
779,195,3,26.391975726967747,27.282543464107857,27.032543464107857,0.004742806678980058,0.25
780,195,4,27.387767664683246,27.038933545056796,27.038933545056796,0.004626009541023756,0.0
781,196,1,25.21528821106488,26.8113923563547,27.0613923563547,0.004417194470631809,-0.25
782,196,2,27.713725906970954,27.06869673450008,27.06869673450008,0.004765433772000137,0.0
783,196,3,28.690449236803605,27.32381618753612,27.07381618753612,0.004660747466156648,0.25
784,196,4,28.574030950675223,27.036153472623813,27.036153472623813,0.004112265557573744,0.0
785,197,1,26.758236026464488,26.774877497673895,27.024877497673895,0.003747887247581987,-0.25
786,197,2,25.901549757477998,27.029559363232643,27.029559363232643,0.0038957620896067353,0.0
787,197,3,27.192301715084596,27.276035585578203,27.026035585578203,0.004862991298594211,0.25
788,197,4,25.21871078670894,27.04840901742304,27.04840901742304,0.0038333764324311945,0.0
789,198,1,27.844689512566198,26.804331662305632,27.054331662305632,0.0031881555830340714,-0.25
790,198,2,29.482017048416772,27.042856576608784,27.042856576608784,0.002937763033759213,0.0
791,198,3,25.957891836314733,27.250165801270043,27.000165801270043,0.0037545498175454704,0.25
792,198,4,27.001231344493693,27.01565743026308,27.01565743026308,0.003556609026431202,0.0
793,199,1,29.306417659681383,26.792855052372744,27.042855052372744,0.004546890269910028,-0.25
794,199,2,29.249782744306795,27.062757547849014,27.062757547849014,0.003623143224538398,0.0
795,199,3,29.578447300095174,27.309796828975376,27.059796828975376,0.0033445846248373857,0.25
796,199,4,28.102525309284673,27.082688152871512,27.082688152871512,0.002310185326861561,0.0
797,200,1,28.022554733813127,26.83191129103477,27.08191129103477,0.002755399762385692,-0.25
798,200,2,27.107036501142847,27.061892642123926,27.061892642123926,0.0026688597249158643,0.0
799,200,3,28.545820782176726,27.34195304743492,27.09195304743492,0.0027850229419401065,0.25
800,200,4,25.922225025070503,27.047430672876104,27.047430672876104,0.002781943834053775,0.0
801,201,1,27.79376216993057,26.79285182938508,27.04285182938508,0.0033558266324091807,-0.25
802,201,2,26.330458280456217,27.060311308632347,27.060311308632347,0.003716370891740308,0.0
803,201,3,27.72630277908381,27.298765511691663,27.048765511691663,0.004180413285627493,0.25
804,201,4,28.630739491046256,27.049205075754394,27.049205075754394,0.0040960179318620515,0.0
805,202,1,23.747967616299928,26.818451022629244,27.068451022629244,0.004178101292113036,-0.25
806,202,2,27.680914780560418,27.063790357055034,27.063790357055034,0.004719092736704544,0.0
807,202,3,28.917302748278956,27.340126055655805,27.090126055655805,0.005071786817804034,0.25
808,202,4,26.363925296696,27.12247231215877,27.12247231215877,0.004685595002926802,0.0
809,203,1,27.010368711152985,26.89529081837355,27.14529081837355,0.004679434955088052,-0.25
810,203,2,27.771094099339344,27.16788441339251,27.16788441339251,0.004838252396813314,0.0
811,203,3,30.27012520769792,27.418147985212226,27.168147985212226,0.004525740501781608,0.25
812,203,4,30.866480869266248,27.18147586243762,27.18147586243762,0.004748025241859218,0.0
813,204,1,27.964717886500875,26.926541185119728,27.176541185119728,0.004134241269061253,-0.25
814,204,2,31.094401658702555,27.175020723291542,27.175020723291542,0.0041424102015313715,0.0
815,204,3,26.525729500255068,27.463424202572757,27.213424202572757,0.004574775908570257,0.25
816,204,4,28.974751301252645,27.18566400260962,27.18566400260962,0.004933284809163831,0.0
817,205,1,28.952836632867065,26.957503645705202,27.207503645705202,0.004862916002915672,-0.25
818,205,2,24.675958578331645,27.20926448931879,27.20926448931879,0.004903481470353721,0.0
819,205,3,26.828229962838524,27.478819179550808,27.228819179550808,0.004568693161655111,0.25
820,205,4,28.482606455316088,27.21770657911379,27.21770657911379,0.0061999546992525,0.0
821,206,1,26.926627995955275,26.928703896119643,27.178703896119643,0.006931847199941964,-0.25
822,206,2,28.713612235486377,27.21862748430144,27.21862748430144,0.007552271905544193,0.0
823,206,3,26.759761873982523,27.479432523019966,27.229432523019966,0.008175287330015081,0.25
824,206,4,27.562675132478233,27.27113170156491,27.27113170156491,0.007746958729275803,0.0
825,207,1,27.42678066683156,27.046819568407674,27.296819568407674,0.008018561435590581,-0.25
826,207,2,29.008969693336372,27.324122187638945,27.324122187638945,0.00832789805925985,0.0
827,207,3,29.078400473338725,27.575734100930607,27.325734100930607,0.007918973614875558,0.25
828,207,4,26.305888532897182,27.327928058500607,27.327928058500607,0.00825897149820884,0.0
829,208,1,27.288794086949835,27.07584646763117,27.32584646763117,0.008177576527727413,-0.25
830,208,2,28.903911224641174,27.33274113698105,27.33274113698105,0.00842308041566474,0.0
831,208,3,27.475601608449928,27.60088739598809,27.35088739598809,0.00896404278684661,0.25
832,208,4,29.128383674256316,27.35031698043522,27.35031698043522,0.008622305037272028,0.0
833,209,1,30.789483637416513,27.13511876960384,27.38511876960384,0.00875789256584895,-0.25
834,209,2,28.4374877221517,27.430029517455168,27.430029517455168,0.00873913085922316,0.0
835,209,3,28.055413757820638,27.70056269875649,27.45056269875649,0.009379426348444176,0.25
836,209,4,29.24072241626285,27.44989755670707,27.44989755670707,0.01015994172688514,0.0
837,210,1,27.437396107640936,27.192533611225752,27.442533611225752,0.010169722345580352,-0.25
838,210,2,30.281277942674865,27.46271218148954,27.46271218148954,0.009834967334965142,0.0
839,210,3,29.040601749095636,27.66813871791033,27.41813871791033,0.010378492520129044,0.25
840,210,4,29.638691385773875,27.445827318696345,27.445827318696345,0.01071145318188549,0.0
841,211,1,27.19039008777374,27.20519541128242,27.45519541128242,0.010826023827515461,-0.25
842,211,2,29.738375780071653,27.48499640585636,27.48499640585636,0.011099786146631057,0.0
843,211,3,26.810315112191947,27.747198067237836,27.497198067237836,0.011282128966409129,0.25
844,211,4,28.93788228230919,27.491127552646404,27.491127552646404,0.011461513612665421,0.0
845,212,1,28.603633144796344,27.259312700830215,27.509312700830215,0.01235820419739482,-0.25
846,212,2,29.213834305654803,27.487024872266876,27.487024872266876,0.012657605758198133,0.0
847,212,3,31.542753236400607,27.724418426756326,27.474418426756326,0.013917135107491749,0.25
848,212,4,25.866859266146278,27.49545011706408,27.49545011706408,0.013188347979388598,0.0
849,213,1,26.869885929149472,27.268564606160865,27.518564606160865,0.01291373884609747,-0.25
850,213,2,25.80101352175282,27.508868064047114,27.508868064047114,0.01211900308632297,0.0
851,213,3,25.868604168759905,27.803769998672898,27.553769998672898,0.012418916953584892,0.25
852,213,4,26.95590646906424,27.57986579454937,27.57986579454937,0.011939865422526789,0.0
853,214,1,26.572106805746103,27.362566300756328,27.612566300756328,0.01175388058733012,-0.25
854,214,2,29.254522279591143,27.61904295054558,27.61904295054558,0.011839116300848052,0.0
855,214,3,26.303892655980597,27.90649150459728,27.65649150459728,0.012006102288889337,0.25
856,214,4,27.65629453047042,27.650276919735802,27.650276919735802,0.01130632475634697,0.0
857,215,1,28.867908846923495,27.366234642275582,27.616234642275582,0.011229999406806829,-0.25
858,215,2,26.197268579557818,27.60988157424926,27.60988157424926,0.011609487796411208,0.0
859,215,3,25.720757711312384,27.89650849284674,27.64650849284674,0.012050666335465296,0.25
860,215,4,30.84263535272332,27.647129652908813,27.647129652908813,0.012579830636418442,0.0
861,216,1,25.973303843319933,27.43233568631935,27.68233568631935,0.012395671670760033,-0.25
862,216,2,27.014436471486697,27.68759896651954,27.68759896651954,0.011563802462303603,0.0
863,216,3,28.774943000699928,27.923178934191775,27.673178934191775,0.011942516910634656,0.25
864,216,4,26.904273768329375,27.662363937553295,27.662363937553295,0.01174420859427698,0.0
865,217,1,25.422475508704224,27.388919955417073,27.638919955417073,0.01086345849006882,-0.25
866,217,2,26.74586946289693,27.635831598240866,27.635831598240866,0.011411784301452853,0.0
867,217,3,27.61682176822389,27.906106070635655,27.656106070635655,0.01197073733898391,0.25
868,217,4,27.58213274981786,27.666097683372083,27.666097683372083,0.010909755035113024,0.0
869,218,1,29.27798400257298,27.430201438833954,27.680201438833954,0.010862732617197455,-0.25
870,218,2,26.974843287124813,27.709478982086736,27.709478982086736,0.011808760569054689,0.0
871,218,3,29.332992963505795,27.993991684437155,27.743991684437155,0.01148904218450444,0.25
872,218,4,29.18293559127231,27.74953101271308,27.74953101271308,0.011248292322014478,0.0
873,219,1,26.232806036806586,27.507256674001525,27.757256674001525,0.01057601356111485,-0.25
874,219,2,30.46032855998861,27.792962399254566,27.792962399254566,0.010344634085050455,0.0
875,219,3,25.346578727330467,28.055387559877744,27.805387559877744,0.011058272948951476,0.25
876,219,4,28.273787445850356,27.816760929414723,27.816760929414723,0.010657059494084735,0.0
877,220,1,31.290820792393035,27.55970823969701,27.80970823969701,0.011320970893218155,-0.25
878,220,2,27.531297147454577,27.857144897301524,27.857144897301524,0.011035286320257845,0.0
879,220,3,29.932822504521795,28.139645390094838,27.889645390094838,0.011730191819001645,0.25
880,220,4,27.55059566263513,27.888994423525414,27.888994423525414,0.011820919535347607,0.0
881,221,1,28.2068418599412,27.636693075355833,27.886693075355833,0.012326725694241888,-0.25
882,221,2,30.71646695491529,27.93743683946044,27.93743683946044,0.012616185201487246,0.0
883,221,3,27.729348843826877,28.173616543289725,27.923616543289725,0.012378553530962068,0.25
884,221,4,27.68584435972491,27.958828501545987,27.958828501545987,0.012226653709683413,0.0
885,222,1,29.966646480239625,27.703959553512515,27.953959553512515,0.01166750782507434,-0.25
886,222,2,27.59096337087068,27.963827449869694,27.963827449869694,0.011382803816734573,0.0
887,222,3,28.80281006708602,28.23605554648884,27.98605554648884,0.01167889371427979,0.25
888,222,4,28.168408026083775,27.99395007650209,27.99395007650209,0.012299141238996794,0.0
889,223,1,30.2789035916025,27.758554287504186,28.008554287504186,0.012730612908802107,-0.25
890,223,2,27.730575627974172,28.04084698134924,28.04084698134924,0.01301256178743387,0.0
891,223,3,28.87772272283995,28.31016267646415,28.06016267646415,0.013220729611506226,0.25
892,223,4,27.180077067040276,28.060730489483515,28.060730489483515,0.014533148810333713,0.0
893,224,1,28.051101472167193,27.814899862412695,28.064899862412695,0.015252045994919089,-0.25
894,224,2,28.958666257279077,28.092028248200897,28.092028248200897,0.015401587440613613,0.0
895,224,3,28.55068122696681,28.364960340913974,28.114960340913974,0.015423856259545305,0.25
896,224,4,27.809002540663116,28.142012965456587,28.142012965456587,0.01575234374173162,0.0
897,225,1,29.087954890320837,27.914944634046112,28.164944634046112,0.015360551254589289,-0.25
898,225,2,29.612174206748914,28.188492685476373,28.188492685476373,0.015555461793806895,0.0
899,225,3,29.41724043439262,28.47147045285689,28.22147045285689,0.015802898613234796,0.25
900,225,4,28.846801207595483,28.251662198642343,28.251662198642343,0.015662431096751944,0.0
901,226,1,31.41620408770223,27.99968432325035,28.24968432325035,0.01591287636793358,-0.25
902,226,2,26.23070992820256,28.273897714480707,28.273897714480707,0.015274706704388063,0.0
903,226,3,26.592714317219325,28.555700287286417,28.305700287286417,0.0153066719900269,0.25
904,226,4,27.593400679839046,28.363761162664744,28.363761162664744,0.015685285717211332,0.0
905,227,1,27.989694168134296,28.140682509589638,28.390682509589638,0.01586820673123753,-0.25
906,227,2,31.03633871400995,28.409447133283763,28.409447133283763,0.016226224920646817,0.0
907,227,3,28.46956829963947,28.71338196380223,28.46338196380223,0.015656670734467044,0.25
908,227,4,31.305691207183823,28.456027387669575,28.456027387669575,0.01603503955120784,0.0
909,228,1,25.846457643116135,28.22271358636925,28.47271358636925,0.016585423466326563,-0.25
910,228,2,30.709846915713403,28.474423824818054,28.474423824818054,0.016315142337072697,0.0
911,228,3,29.67471748677722,28.728522301360965,28.478522301360965,0.016483929399699664,0.25
912,228,4,31.474969404246078,28.513282867505968,28.513282867505968,0.016595129548105568,0.0
913,229,1,30.550499602016018,28.27369247362834,28.52369247362834,0.016209783303467885,-0.25
914,229,2,28.276410249423343,28.53808812300435,28.53808812300435,0.01583288189423918,0.0
915,229,3,29.122259294713345,28.801075700489207,28.551075700489207,0.015334617238619867,0.25
916,229,4,27.110077910703836,28.57679757523056,28.57679757523056,0.015205538160114157,0.0
917,230,1,26.316354948075006,28.3373115495704,28.5873115495704,0.015426320642845114,-0.25
918,230,2,29.455537637075658,28.604922965645248,28.604922965645248,0.015769611787343183,0.0
919,230,3,28.943736811523685,28.876767918775236,28.626767918775236,0.016103620818114932,0.25
920,230,4,28.608338028487417,28.665743590954303,28.665743590954303,0.016241631156233463,0.0
921,231,1,29.48190943489311,28.42093108661301,28.67093108661301,0.015412955724823155,-0.25
922,231,2,30.588468643697936,28.673323195187887,28.673323195187887,0.015217700580813499,0.0
923,231,3,29.492184017262293,28.949865621690932,28.699865621690932,0.014727232177712645,0.25
924,231,4,26.697136765395033,28.708481153142728,28.708481153142728,0.014823733232533661,0.0
925,232,1,29.259276125546336,28.47293634749463,28.72293634749463,0.015097759745659746,-0.25
926,232,2,31.50204856577914,28.752027540585075,28.752027540585075,0.014179376521974603,0.0
927,232,3,27.805750868831726,28.98239181476294,28.73239181476294,0.01424999973188076,0.25
928,232,4,30.50457474836233,28.734649258114654,28.734649258114654,0.014453839327673933,0.0
929,233,1,32.18667834088711,28.5408036197296,28.7908036197296,0.013721045496595273,-0.25
930,233,2,29.171284037508975,28.826022897494582,28.826022897494582,0.013944601684662584,0.0
931,233,3,29.730051094669076,29.100899781237395,28.850899781237395,0.013840797352315517,0.25
932,233,4,30.19132379443162,28.87040020475812,28.87040020475812,0.012577506872662477,0.0
933,234,1,27.912514307929854,28.62948765441352,28.87948765441352,0.012674063429935763,-0.25
934,234,2,28.741844178295505,28.87396874394337,28.87396874394337,0.012541571509325172,0.0
935,234,3,27.32379234463145,29.107621872562508,28.857621872562508,0.012499587654881223,0.25
936,234,4,28.415966031749246,28.863264575519803,28.863264575519803,0.01233110324790886,0.0
937,235,1,30.220670794928555,28.618721144496636,28.868721144496636,0.01230757962274288,-0.25
938,235,2,30.643066508412517,28.849666517090508,28.849666517090508,0.012216517712697862,0.0
939,235,3,27.727777334765758,29.094250197463577,28.844250197463577,0.012606991329265542,0.25
940,235,4,30.82745150006087,28.858889469521564,28.858889469521564,0.012321705518119279,0.0
941,236,1,29.83995255082386,28.610269224635466,28.860269224635466,0.011689030110187118,-0.25
942,236,2,28.83869335518141,28.85536971046518,28.85536971046518,0.010964360452755844,0.0
943,236,3,26.76099061886544,29.146498812059612,28.896498812059612,0.010578879578431058,0.25
944,236,4,29.308094499546037,28.944494951927947,28.944494951927947,0.010749632691389998,0.0
945,237,1,30.016029439571707,28.694916611776893,28.944916611776893,0.009751951434980624,-0.25
946,237,2,29.317288988210976,28.956681300975642,28.956681300975642,0.008317127994109216,0.0
947,237,3,29.615664460614433,29.23495614937483,28.98495614937483,0.007580739476578074,0.25
948,237,4,27.742949841330237,28.98842658249031,28.98842658249031,0.007674869695175186,0.0
949,238,1,30.473756166629183,28.756585241518113,29.006585241518113,0.00731383743485735,-0.25
950,238,2,29.527344066792807,29.03800209161013,29.03800209161013,0.007027859129886554,0.0
951,238,3,31.35693797522383,29.309055697873173,29.059055697873173,0.0069899230517137725,0.25
952,238,4,32.0063746729316,29.075304437748,29.075304437748,0.006502373749819303,0.0
953,239,1,27.651105981060514,28.86434446153274,29.11434446153274,0.005998796540878101,-0.25
954,239,2,29.516456560338167,29.10083217647473,29.10083217647473,0.006570567703933766,0.0
955,239,3,30.52067006909778,29.359630886451644,29.109630886451644,0.005554428647185042,0.25
956,239,4,31.568055841280607,29.128774431002807,29.128774431002807,0.006223982758274745,0.0
957,240,1,26.84007365549319,28.910304433869914,29.160304433869914,0.005631322685054205,-0.25
958,240,2,27.9948356075697,29.148721394701415,29.148721394701415,0.005768651026774507,0.0
959,240,3,29.123412691847534,29.393122846750046,29.143122846750046,0.005445711428462535,0.25
960,240,4,31.229965757687168,29.144307361801392,29.144307361801392,0.00452716710027737,0.0
961,241,1,28.58408040013371,28.890825466938956,29.140825466938956,0.004996485179917252,-0.25
962,241,2,31.02774618657165,29.1600906927391,29.1600906927391,0.00474266177282044,0.0
963,241,3,31.967994849805635,29.451099704868614,29.201099704868614,0.004987901616292101,0.25
964,241,4,31.351721548358142,29.213579063618,29.213579063618,0.005574159288143714,0.0
965,242,1,26.41540508334139,28.962278192331706,29.212278192331706,0.006123590996938867,-0.25
966,242,2,29.683666805378035,29.236633627266702,29.236633627266702,0.005965715281686209,0.0
967,242,3,30.59202262126434,29.46579235318727,29.21579235318727,0.007001408312419813,0.25
968,242,4,29.664917953222286,29.20446164363219,29.20446164363219,0.007573758401394297,0.0
969,243,1,30.214585238775328,28.958164015598634,29.208164015598634,0.007043789901412519,-0.25
970,243,2,31.93092796184226,29.227041871649295,29.227041871649295,0.007041645054585554,0.0
971,243,3,30.53633155701608,29.499256868792866,29.249256868792866,0.006882163970454069,0.25
972,243,4,30.06173155539718,29.239161501906665,29.239161501906665,0.00695146802460207,0.0
973,244,1,29.94815158598377,29.01936274202394,29.26936274202394,0.006739308903996291,-0.25
974,244,2,30.34576923255979,29.3130040574233,29.3130040574233,0.005807326988923626,0.0
975,244,3,29.016697576404543,29.59152268601694,29.34152268601694,0.005589302850382735,0.25
976,244,4,30.44578611704654,29.360539882662593,29.360539882662593,0.0064379444707542855,0.0
977,245,1,30.922200877469166,29.114008318009777,29.364008318009777,0.005417520484091079,-0.25
978,245,2,26.85542788269552,29.352944776440733,29.352944776440733,0.005114746609249494,0.0
979,245,3,30.573662906818708,29.59659303944602,29.34659303944602,0.005642546987687554,0.25
980,245,4,30.79766028537328,29.379922341468625,29.379922341468625,0.005718114518943679,0.0
981,246,1,30.485432696385363,29.14029655819228,29.39029655819228,0.005574947215429596,-0.25
982,246,2,30.345119568099324,29.37351297273047,29.37351297273047,0.006048587433361527,0.0
983,246,3,30.99629595602273,29.648733734693145,29.398733734693145,0.0059248632336453165,0.25
984,246,4,27.004804596328032,29.40379918587918,29.40379918587918,0.006770258708201825,0.0
985,247,1,31.275924141891373,29.15433752853183,29.40433752853183,0.006989916851559811,-0.25
986,247,2,28.26040179889258,29.42593863985741,29.42593863985741,0.007229187644104585,0.0
987,247,3,28.451373155182463,29.656553226047183,29.406553226047183,0.007445155405235411,0.25
988,247,4,29.684132718927664,29.385366672813507,29.385366672813507,0.007292002689911551,0.0
989,248,1,28.34246399716151,29.11982381430342,29.36982381430342,0.0073834869002324536,-0.25
990,248,2,27.539570580360735,29.3959654265656,29.3959654265656,0.007568382942969609,0.0
991,248,3,30.112003810022212,29.635684721747847,29.385684721747847,0.00866339632273859,0.25
992,248,4,31.120050508059368,29.390832438002064,29.390832438002064,0.008871261618032795,0.0
993,249,1,32.38663550805348,29.157236393972838,29.407236393972838,0.009380933664751392,-0.25
994,249,2,29.257092142517017,29.36413580722503,29.36413580722503,0.008886557229541183,0.0
995,249,3,30.057145075752207,29.60925740384328,29.35925740384328,0.008594724028977346,0.25
996,249,4,25.636885249068214,29.33576303493339,29.33576303493339,0.008145476093279471,0.0
997,250,1,29.280463641120505,29.077996843888478,29.327996843888478,0.008097526287107654,-0.25
998,250,2,30.7825304773366,29.355381611979908,29.355381611979908,0.007103286338376362,0.0
999,250,3,30.70909302100137,29.623396771764305,29.373396771764305,0.007471088157654294,0.25
1000,250,4,28.638791643755972,29.409120056726653,29.409120056726653,0.006472432405813904,0.0
