date,time,phase,y,eta,level,slope,seasonal
1901-01-01,1,1,26.344237657446598,24.754711397382263,25.004711397382263,0.00205375670346255,-0.25
1901-04-01,2,2,23.228469282514745,24.952208611958586,24.952208611958586,0.0014664459009633612,0.0
1901-07-01,3,3,25.81488485068129,25.20157728721571,24.95157728721571,0.0006342150124817366,0.25
1901-10-01,4,4,26.059046547842208,24.90631627805942,24.90631627805942,0.0006861510766307372,0.0
1902-01-01,5,1,25.309742138615686,24.62734652561655,24.87734652561655,3.53763702470014e-05,-0.25
1902-04-01,6,2,25.322510624258534,24.836546020193044,24.836546020193044,-0.00010376513086899128,0.0
1902-07-01,7,3,23.373774190947515,25.009684603924217,24.759684603924217,4.386954629285997e-05,0.25
1902-10-01,8,4,24.775079915599413,24.795689132870475,24.795689132870475,0.0005519885774529483,0.0
1903-01-01,9,1,24.11276555468199,24.44712977971826,24.69712977971826,0.001108073610641669,-0.25
1903-04-01,10,2,26.476234922454374,24.7097426854059,24.7097426854059,0.0007584313742818053,0.0
1903-07-01,11,3,26.513458304937704,25.01712583952542,24.76712583952542,-0.0003530728056105769,0.25
1903-10-01,12,4,24.142758542531816,24.783909511003376,24.783909511003376,0.0006561123596240801,0.0
1904-01-01,13,1,27.416079087538396,24.568747502947247,24.818747502947247,0.0005616492409955957,-0.25
1904-04-01,14,2,26.496641652705048,24.824323981927773,24.824323981927773,0.000600856958901643,0.0
1904-07-01,15,3,27.9935289098178,25.072966396395717,24.822966396395717,0.0005810420666955065,0.25
1904-10-01,16,4,21.988388338737796,24.89268710010872,24.89268710010872,0.0016519643468925033,0.0
1905-01-01,17,1,24.501179793720198,24.646460278168192,24.896460278168192,0.0017288075137761136,-0.25
1905-04-01,18,2,22.859579900082565,24.85772471842089,24.85772471842089,0.0018616797737365924,0.0
1905-07-01,19,3,27.61735482749675,25.145707057142094,24.895707057142094,0.0011071539703630317,0.25
1905-10-01,20,4,27.07718397462663,24.88162217984541,24.88162217984541,0.00019842374875610918,0.0
1906-01-01,21,1,23.62299217623506,24.645286577704447,24.895286577704447,-0.00011401379413016711,-0.25
1906-04-01,22,2,26.522251821113784,24.843010889119093,24.843010889119093,0.0002284665657692918,0.0
1906-07-01,23,3,28.09875983120178,25.04534247054646,24.79534247054646,0.0010390496916004403,0.25
1906-10-01,24,4,24.67059647432528,24.759822471720035,24.759822471720035,0.0010690963099507917,0.0
1907-01-01,25,1,26.24387092715349,24.537000947460157,24.787000947460157,0.0008557575970419596,-0.25
1907-04-01,26,2,21.848711752500044,24.69600127238314,24.69600127238314,0.0005108360798528437,0.0
1907-07-01,27,3,25.391957310992794,24.99302199516608,24.74302199516608,0.0003923618818973771,0.25
1907-10-01,28,4,23.552651204350706,24.743525292288282,24.743525292288282,0.00026107098710334163,0.0
1908-01-01,29,1,26.583874112829303,24.49223694353852,24.74223694353852,0.00044931425926708905,-0.25
1908-04-01,30,2,23.396502151082785,24.80514090240767,24.80514090240767,0.0017310923816317844,0.0
1908-07-01,31,3,23.857885079141663,25.017614908266268,24.767614908266268,0.001842995374827272,0.25
1908-10-01,32,4,27.277992678851156,24.707405807188366,24.707405807188366,0.002109103003266102,0.0
1909-01-01,33,1,27.086087150902678,24.434365020438303,24.684365020438303,0.0026101679868317847,-0.25
1909-04-01,34,2,25.084302748064903,24.70065612228428,24.70065612228428,0.002890624135463084,0.0
1909-07-01,35,3,23.38039239412241,24.967213309378682,24.717213309378682,0.0024669279593335495,0.25
1909-10-01,36,4,25.909749391624793,24.763716669592554,24.763716669592554,0.0022443835081676247,0.0
1910-01-01,37,1,25.739541827078813,24.570110970861226,24.820110970861226,0.0016909662858201075,-0.25
1910-04-01,38,2,26.992330783886004,24.72416366787774,24.72416366787774,0.001655391392370615,0.0
1910-07-01,39,3,25.388876451140824,24.943868144210327,24.693868144210327,0.001692301470072519,0.25
1910-10-01,40,4,26.76781236731976,24.684910682284688,24.684910682284688,0.0017953206703710026,0.0
1911-01-01,41,1,24.347433470014185,24.397571884157994,24.647571884157994,0.0011687823256530875,-0.25
1911-04-01,42,2,26.555162191997102,24.629075109631454,24.629075109631454,0.0009675118059174235,0.0
1911-07-01,43,3,25.207763973343045,24.92574125173514,24.67574125173514,0.0006764758941692883,0.25
1911-10-01,44,4,26.24603200598033,24.67194991929125,24.67194991929125,0.0008042798797809671,0.0
1912-01-01,45,1,25.81202556834306,24.43664679897603,24.68664679897603,0.0010327676107585238,-0.25
1912-04-01,46,2,24.936377085195147,24.66031486673765,24.66031486673765,9.75028965662407e-05,0.0
1912-07-01,47,3,23.32210397265708,24.903061062257752,24.653061062257752,-0.0007648684573506292,0.25
1912-10-01,48,4,25.392503240951168,24.652168207560287,24.652168207560287,-0.0013720084285207298,0.0
1913-01-01,49,1,26.28986435973279,24.438880539073082,24.688880539073082,-0.0014606771794615967,-0.25
1913-04-01,50,2,24.890772313142072,24.7739983678546,24.7739983678546,-0.0006310248307776663,0.0
1913-07-01,51,3,26.128918531891227,25.074640651899948,24.824640651899948,-0.00047416249082426673,0.25
1913-10-01,52,4,26.387105139657837,24.800900784946606,24.800900784946606,0.0009011358203428803,0.0
1914-01-01,53,1,26.343770270959247,24.445561667193388,24.695561667193388,0.00012880322475810778,-0.25
1914-04-01,54,2,25.66843634097922,24.725567664225075,24.725567664225075,-0.0008734187621795694,0.0
1914-07-01,55,3,25.74622055114391,25.036883011205802,24.786883011205802,-0.00024119880554091856,0.25
1914-10-01,56,4,24.128159084516405,24.71400032331667,24.71400032331667,-0.00017746815062498117,0.0
1915-01-01,57,1,24.838272512458357,24.480598910969455,24.730598910969455,-0.00035287187813509767,-0.25
1915-04-01,58,2,24.775741040956675,24.823317336035824,24.823317336035824,-0.0011810039229138854,0.0
1915-07-01,59,3,24.54113087526328,25.03905619575651,24.78905619575651,-0.0015871527929840878,0.25
1915-10-01,60,4,25.89221214637675,24.81801334911391,24.81801334911391,-0.0012696717275344732,0.0
1916-01-01,61,1,27.488534270749444,24.589921097815775,24.839921097815775,-0.00127615681036263,-0.25
1916-04-01,62,2,24.520022008948896,24.798237482653626,24.798237482653626,-0.0013455651653793224,0.0
1916-07-01,63,3,28.04918680103777,25.057550674862885,24.807550674862885,-0.001982185236954759,0.25
1916-10-01,64,4,23.626954948502714,24.79324145894809,24.79324145894809,-0.001217245393089548,0.0
1917-01-01,65,1,23.158255439059875,24.586739862252205,24.836739862252205,-0.0016241242042825967,-0.25
1917-04-01,66,2,24.639653524527073,24.805621681071838,24.805621681071838,-0.001856863162681879,0.0
1917-07-01,67,3,26.31134139139602,25.075898771218515,24.825898771218515,-0.0018023966848280102,0.25
1917-10-01,68,4,24.037985317810644,24.82126951568446,24.82126951568446,-0.0022851777915558016,0.0
1918-01-01,69,1,25.602951379150195,24.50817025214881,24.75817025214881,-0.001733616694962365,-0.25
1918-04-01,70,2,23.66325610574366,24.7164126996659,24.7164126996659,-0.000945047982064514,0.0
1918-07-01,71,3,23.834710502467995,25.047512594571813,24.797512594571813,-0.0005668200609894307,0.25
1918-10-01,72,4,26.71017019866315,24.8211021533542,24.8211021533542,-0.0006983786612337433,0.0
1919-01-01,73,1,25.16626820729394,24.584362465904746,24.834362465904746,-0.0005901373983821275,-0.25
1919-04-01,74,2,23.348893709577133,24.911182083285706,24.911182083285706,-0.0005836755190528341,0.0
1919-07-01,75,3,23.49356545705611,25.172711497081572,24.922711497081572,-0.0009418448210437686,0.25
1919-10-01,76,4,26.03295841692381,24.94191255627393,24.94191255627393,-0.0010581965735847096,0.0
1920-01-01,77,1,26.2502113817269,24.66294282359546,24.91294282359546,-0.0016318973715029324,-0.25
1920-04-01,78,2,27.636831745653353,24.99043231090271,24.99043231090271,-0.0014439893197497299,0.0
1920-07-01,79,3,26.318480575650096,25.34209937336141,25.09209937336141,-0.0009419289725387012,0.25
1920-10-01,80,4,24.29919943792624,25.04969768261372,25.04969768261372,-0.0005903652075514722,0.0
1921-01-01,81,1,25.224394451426964,24.78416055189915,25.03416055189915,8.548231710226784e-05,-0.25
1921-04-01,82,2,27.65900289202891,25.041231431803453,25.041231431803453,0.0003006754144944802,0.0
1921-07-01,83,3,25.91938346837983,25.296635607323775,25.046635607323775,0.0012537029672913392,0.25
1921-10-01,84,4,24.165307493106667,24.996707957370962,24.996707957370962,0.0015929581000853825,0.0
1922-01-01,85,1,25.08518658497396,24.78020251698179,25.03020251698179,0.0019822001660837274,-0.25
1922-04-01,86,2,24.100203614462707,25.08479700556512,25.08479700556512,0.001816912367942187,0.0
1922-07-01,87,3,25.571450565637765,25.5090674549887,25.2590674549887,0.0021956777984036865,0.25
1922-10-01,88,4,26.47991502788098,25.26022844579136,25.26022844579136,0.002554627704846897,0.0
1923-01-01,89,1,24.169295233584435,25.06728104395902,25.31728104395902,0.002247584670898682,-0.25
1923-04-01,90,2,27.22223938880231,25.283842286925275,25.283842286925275,0.0021354901016632593,0.0
1923-07-01,91,3,27.760340179071182,25.537008591698367,25.287008591698367,0.0023030282856744124,0.25
1923-10-01,92,4,24.49550641613758,25.40078206413408,25.40078206413408,0.0031246235605909157,0.0
1924-01-01,93,1,26.368332113463538,25.220011966217903,25.470011966217903,0.0035975814539236806,-0.25
1924-04-01,94,2,24.57821575786664,25.464922647933072,25.464922647933072,0.002228713639099833,0.0
1924-07-01,95,3,26.18865509502443,25.769923069124363,25.519923069124363,0.002725884613032932,0.25
1924-10-01,96,4,26.033721992242018,25.463645835077266,25.463645835077266,0.00386819925365925,0.0
1925-01-01,97,1,23.762305525576433,25.25555042240152,25.50555042240152,0.0034990899181881105,-0.25
1925-04-01,98,2,25.283203388625868,25.608527147902855,25.608527147902855,0.003596009897169786,0.0
1925-07-01,99,3,27.956093033957913,25.925839719498388,25.675839719498388,0.0037261581309077606,0.25
1925-10-01,100,4,26.26975738056434,25.642687712598875,25.642687712598875,0.0036308147575695358,0.0
1926-01-01,101,1,23.604915409202643,25.458032235970144,25.708032235970144,0.004156221998770695,-0.25
1926-04-01,102,2,24.980429877025987,25.653124782379635,25.653124782379635,0.0050654925633916385,0.0
1926-07-01,103,3,28.913710498242384,25.9683369915978,25.7183369915978,0.004161823960192076,0.25
1926-10-01,104,4,28.131556827177672,25.767909239875745,25.767909239875745,0.004007633213316158,0.0
1927-01-01,105,1,24.386107149080885,25.535599726866376,25.785599726866376,0.00363943925436518,-0.25
1927-04-01,106,2,24.5129694943107,25.74620124542101,25.74620124542101,0.003396824045191939,0.0
1927-07-01,107,3,27.38761470889231,26.000211031449265,25.750211031449265,0.0030043637189171354,0.25
1927-10-01,108,4,27.040923130999598,25.8225126747389,25.8225126747389,0.0039018275923844033,0.0
1928-01-01,109,1,24.15536292647308,25.604931116610626,25.854931116610626,0.00409520525446562,-0.25
1928-04-01,110,2,25.666522574395557,25.829937937379402,25.829937937379402,0.003789286667193659,0.0
1928-07-01,111,3,27.411456467169483,26.065663841238273,25.815663841238273,0.004012027202194605,0.25
1928-10-01,112,4,26.640069574796712,25.74106827029803,25.74106827029803,0.004314987197486145,0.0
1929-01-01,113,1,24.416003749222128,25.485043062494846,25.735043062494846,0.004321042967140956,-0.25
1929-04-01,114,2,21.647535954424345,25.72648791421236,25.72648791421236,0.004444002557807303,0.0
1929-07-01,115,3,26.935953229586747,25.885162988134244,25.635162988134244,0.004789907954314037,0.25
1929-10-01,116,4,24.709045933967676,25.605497702865524,25.605497702865524,0.00485988074938986,0.0
1930-01-01,117,1,24.790343638352724,25.367410900882042,25.617410900882042,0.003933295192782057,-0.25
1930-04-01,118,2,26.20033421700026,25.61784303123419,25.61784303123419,0.004186388147469223,0.0
1930-07-01,119,3,25.3972859583175,25.88941751832531,25.63941751832531,0.0047137109532637295,0.25
1930-10-01,120,4,26.57798653100074,25.5885913671109,25.5885913671109,0.004853306657577563,0.0
1931-01-01,121,1,25.067032623830233,25.3188704783804,25.5688704783804,0.004516364011372153,-0.25
1931-04-01,122,2,25.668999896204443,25.573126380977698,25.573126380977698,0.003961383888993036,0.0
1931-07-01,123,3,25.298699398705008,25.847673567135853,25.597673567135853,0.0039034275905114792,0.25
1931-10-01,124,4,24.973583429879533,25.658225617175024,25.658225617175024,0.004422263245488334,0.0
1932-01-01,125,1,28.152508545935873,25.406607878963605,25.656607878963605,0.003976226255855237,-0.25
1932-04-01,126,2,26.995644088082905,25.719236907049616,25.719236907049616,0.0030550218231589496,0.0
1932-07-01,127,3,28.767770656093752,25.939370842822168,25.689370842822168,0.0037684218282408076,0.25
1932-10-01,128,4,27.535515425833633,25.61801765879865,25.61801765879865,0.004372005131654358,0.0
1933-01-01,129,1,26.967857322839503,25.4104802708284,25.6604802708284,0.004323433207763847,-0.25
1933-04-01,130,2,25.115384889258745,25.665310287446,25.665310287446,0.004062984052053354,0.0
1933-07-01,131,3,25.327703251488966,25.900022858151335,25.650022858151335,0.0045369241079341125,0.25
1933-10-01,132,4,26.321905987832153,25.622606497318596,25.622606497318596,0.004488624888811473,0.0
1934-01-01,133,1,25.849848388205267,25.384457428468806,25.634457428468806,0.0041276027065313345,-0.25
1934-04-01,134,2,25.043258385162126,25.631352281971758,25.631352281971758,0.004523780758654273,0.0
1934-07-01,135,3,27.047647983430373,25.91754343216644,25.66754343216644,0.004223992875655496,0.25
1934-10-01,136,4,27.989750121748735,25.74707004685458,25.74707004685458,0.0034518832668792446,0.0
1935-01-01,137,1,24.20676781262594,25.456705716316783,25.706705716316783,0.003431680069866359,-0.25
1935-04-01,138,2,27.218017560258915,25.801388779854566,25.801388779854566,0.003565703995859115,0.0
1935-07-01,139,3,26.874950749991843,26.142226662324127,25.892226662324127,0.0034149986698859365,0.25
1935-10-01,140,4,26.170922052950008,25.817469742942297,25.817469742942297,0.004214223437501044,0.0
1936-01-01,141,1,25.9621389567814,25.53296833908429,25.78296833908429,0.004092180308729288,-0.25
1936-04-01,142,2,24.13342221345735,25.78541404754936,25.78541404754936,0.004166533796293415,0.0
1936-07-01,143,3,24.824170269105696,26.018538186827165,25.768538186827165,0.0035981938837408,0.25
1936-10-01,144,4,24.1875902266662,25.701475506442776,25.701475506442776,0.0031843483793480513,0.0
1937-01-01,145,1,26.96433683496037,25.50672884243617,25.75672884243617,0.0024385764010115365,-0.25
1937-04-01,146,2,26.62315554181741,25.86116645333812,25.86116645333812,0.001777235507625086,0.0
1937-07-01,147,3,24.751723039225304,26.01122972379439,25.76122972379439,0.0023109352474588825,0.25
1937-10-01,148,4,27.163264277448217,25.794701453617026,25.794701453617026,0.002789130155566505,0.0
1938-01-01,149,1,24.41796267820684,25.489131957568674,25.739131957568674,0.002576772603496997,-0.25
1938-04-01,150,2,25.494866401101376,25.79684393927973,25.79684393927973,0.0022022545652306434,0.0
1938-07-01,151,3,26.599352723904833,26.059464393306598,25.809464393306598,0.0017266220293252845,0.25
1938-10-01,152,4,26.45026222243877,25.74688887439074,25.74688887439074,0.0016203370156106583,0.0
1939-01-01,153,1,24.67795811746082,25.619198282468933,25.869198282468933,0.0015893120640861045,-0.25
1939-04-01,154,2,28.561411507797974,25.85446610405231,25.85446610405231,0.0017563587394768775,0.0
1939-07-01,155,3,27.971000292847442,26.10694630906269,25.85694630906269,0.0019345944329828767,0.25
1939-10-01,156,4,26.38187539197264,25.763342341188196,25.763342341188196,0.0019847851645493075,0.0
1940-01-01,157,1,26.484337343628077,25.57387596602205,25.82387596602205,0.0022849765590343962,-0.25
1940-04-01,158,2,25.254096583087517,25.830098156790616,25.830098156790616,0.0010405141578984428,0.0
1940-07-01,159,3,25.993839468901122,26.19728926679098,25.94728926679098,0.0007335270037479053,0.25
1940-10-01,160,4,24.713713468117977,25.929276664794134,25.929276664794134,0.00045009038420995746,0.0
1941-01-01,161,1,25.414451057004154,25.640828274224358,25.890828274224358,0.0010515403718455688,-0.25
1941-04-01,162,2,29.0103074539714,25.970292333038962,25.970292333038962,0.0006499103960730686,0.0
1941-07-01,163,3,26.745162465667924,26.173894517812442,25.923894517812442,0.0012334437454484069,0.25
1941-10-01,164,4,27.67338349075642,25.87168522081912,25.87168522081912,0.0007588383093544882,0.0
1942-01-01,165,1,27.277655907739128,25.59024594234245,25.84024594234245,0.0013535575301015907,-0.25
1942-04-01,166,2,25.33611931959637,25.802086081364386,25.802086081364386,0.0007612954146576874,0.0
1942-07-01,167,3,24.829001203343047,26.113528421838023,25.863528421838023,0.00022022348148587338,0.25
1942-10-01,168,4,26.08868113233786,25.82984232588982,25.82984232588982,5.359347011120935e-05,0.0
1943-01-01,169,1,25.136278644318693,25.603900793508735,25.853900793508735,-0.0004445950600296679,-0.25
1943-04-01,170,2,26.793275922241847,25.91750786812473,25.91750786812473,-0.0006966714092038759,0.0
1943-07-01,171,3,27.761819773142946,26.199317177133917,25.949317177133917,0.0003155590065972778,0.25
1943-10-01,172,4,29.862014867793686,26.03858828131926,26.03858828131926,0.00034064031706359897,0.0
1944-01-01,173,1,27.76812751656008,25.797691342091987,26.047691342091987,-1.535209081661475e-05,-0.25
1944-04-01,174,2,28.618300513705474,26.03992161113462,26.03992161113462,0.0012610160512881517,0.0
1944-07-01,175,3,25.15542157232082,26.347788345453992,26.097788345453992,0.001836463262143677,0.25
1944-10-01,176,4,26.409876803071775,26.102665801006147,26.102665801006147,0.0022062652014503527,0.0
1945-01-01,177,1,28.478887582278205,25.849996055797085,26.099996055797085,0.0016616403475942835,-0.25
1945-04-01,178,2,27.095028452440676,26.083470489477456,26.083470489477456,0.0019882464471745625,0.0
1945-07-01,179,3,25.956057247884182,26.307932939436835,26.057932939436835,0.0025974360052271697,0.25
1945-10-01,180,4,27.932180205417616,25.96370892598861,25.96370892598861,0.002950116626368519,0.0
1946-01-01,181,1,27.610531462651327,25.745464858496536,25.995464858496536,0.0026917007485452314,-0.25
1946-04-01,182,2,25.10087288647864,26.0020821393662,26.0020821393662,0.0025069154960933003,0.0
1946-07-01,183,3,25.929875751212254,26.302118034290825,26.052118034290825,0.0026437362717746907,0.25
1946-10-01,184,4,27.613149911719177,26.046599391756015,26.046599391756015,0.002555978249601879,0.0
1947-01-01,185,1,23.12466953376182,25.852504901694505,26.102504901694505,0.002286628671496935,-0.25
1947-04-01,186,2,26.32848932454429,26.069081305039855,26.069081305039855,0.002026625931484974,0.0
1947-07-01,187,3,26.107733876502365,26.31920194615459,26.06920194615459,0.001478564938427991,0.25
1947-10-01,188,4,25.29537784167547,26.04394703694246,26.04394703694246,0.001133261427142469,0.0
1948-01-01,189,1,27.68276204643474,25.877091609677635,26.127091609677635,0.00086051986118798,-0.25
1948-04-01,190,2,29.075317420427563,26.153404981858248,26.153404981858248,0.0014244246329776456,0.0
1948-07-01,191,3,27.12094309438647,26.374108730928135,26.124108730928135,0.0013244075126618822,0.25
1948-10-01,192,4,25.981088481597475,26.142909884487324,26.142909884487324,0.00022350638749893512,0.0
1949-01-01,193,1,29.22931182864454,25.964769498097,26.214769498097,0.0005145133259378426,-0.25
1949-04-01,194,2,25.332165155454152,26.23266778094783,26.23266778094783,0.00022545402657106852,0.0
1949-07-01,195,3,25.108147065479034,26.487831969638943,26.237831969638943,-0.0004427376072691652,0.25
1949-10-01,196,4,27.136554555677684,26.25416396313061,26.25416396313061,-0.00028967988620900173,0.0
1950-01-01,197,1,26.829323761957113,26.07464735434962,26.32464735434962,-0.0006933444858919042,-0.25
1950-04-01,198,2,25.153957829738363,26.213603018132144,26.213603018132144,-0.000589387959696303,0.0
1950-07-01,199,3,26.75613311421398,26.475040550433874,26.225040550433874,-6.657180092251936e-05,0.25
1950-10-01,200,4,26.850891852934517,26.181614352467825,26.181614352467825,-0.00047515625713676193,0.0
1951-01-01,201,1,27.682047312213026,25.974457193442845,26.224457193442845,-0.0010753195697444037,-0.25
1951-04-01,202,2,26.94121950209094,26.21193305764495,26.21193305764495,-0.0010731236284444758,0.0
1951-07-01,203,3,29.556074340799363,26.478362541072173,26.228362541072173,-0.0014832209104524827,0.25
1951-10-01,204,4,29.520466368139957,26.28591086649832,26.28591086649832,-0.000653888641191425,0.0
1952-01-01,205,1,23.826942050436227,25.975028676188014,26.225028676188014,-0.0015646213495773215,-0.25
1952-04-01,206,2,28.164117169809977,26.212528695597214,26.212528695597214,-0.002016183861311573,0.0
1952-07-01,207,3,28.659889213615436,26.46790929933328,26.21790929933328,-0.0018070471910680622,0.25
1952-10-01,208,4,26.74595010530683,26.24602566297047,26.24602566297047,-0.0016853600973851877,0.0
1953-01-01,209,1,25.39476557132572,26.035136376945474,26.285136376945474,-0.002423967754990565,-0.25
1953-04-01,210,2,25.46105814129837,26.311632486788216,26.311632486788216,-0.0029394567979262,0.0
1953-07-01,211,3,24.922983494644438,26.551015924002566,26.301015924002566,-0.0025962856951453066,0.25
1953-10-01,212,4,26.54237067928149,26.272374279981115,26.272374279981115,-0.003420906886601764,0.0
1954-01-01,213,1,27.59308131922992,26.00398605460499,26.25398605460499,-0.002755438414336118,-0.25
1954-04-01,214,2,28.357870957968895,26.280179095132777,26.280179095132777,-0.0021857762097890893,0.0
1954-07-01,215,3,28.80014938153043,26.574866715407577,26.324866715407577,-0.002291912263925797,0.25
1954-10-01,216,4,26.38356237540622,26.21920119918102,26.21920119918102,-0.00157250162232902,0.0
1955-01-01,217,1,27.127637950700183,26.000657959498113,26.250657959498113,0.0001376898330246255,-0.25
1955-04-01,218,2,29.67282557985963,26.18895391167588,26.18895391167588,-0.000362992317284688,0.0
1955-07-01,219,3,27.748417583385688,26.43090831910976,26.18090831910976,-0.0005382108852014934,0.25
1955-10-01,220,4,27.06459803035027,26.161188586880815,26.161188586880815,-0.0003431314381139326,0.0
1956-01-01,221,1,25.4263281194383,25.928626400174274,26.178626400174274,0.00015277980732785227,-0.25
1956-04-01,222,2,26.793461482325167,26.122953231900823,26.122953231900823,0.0010591752068135917,0.0
1956-07-01,223,3,28.476197774370654,26.3850624580278,26.1350624580278,0.001641888009973161,0.25
1956-10-01,224,4,26.084342096019693,26.16072646943113,26.16072646943113,0.0010408905127761582,0.0
1957-01-01,225,1,27.61823037430603,25.949157117017165,26.199157117017165,0.0003102804160293619,-0.25
1957-04-01,226,2,30.251658692143465,26.22591776288424,26.22591776288424,0.0005139415529788476,0.0
1957-07-01,227,3,29.63183482793871,26.452185707764297,26.202185707764297,0.00038973757026905027,0.25
1957-10-01,228,4,26.52178480653301,26.218459925427855,26.218459925427855,-0.0002307931351076613,0.0
1958-01-01,229,1,28.33264259254224,25.967379757864606,26.217379757864606,0.00038194117233890883,-0.25
1958-04-01,230,2,27.97028459540363,26.251682270165347,26.251682270165347,0.00027124850391014026,0.0
1958-07-01,231,3,27.085520607863856,26.533065636358973,26.283065636358973,0.0008683284882618673,0.25
1958-10-01,232,4,29.902144899790628,26.28911898129577,26.28911898129577,0.0014197008717891227,0.0
1959-01-01,233,1,24.775922051564358,26.018156390362826,26.268156390362826,0.0014387399934369506,-0.25
1959-04-01,234,2,25.395727103939553,26.262435252976516,26.262435252976516,0.0019292413794149126,0.0
1959-07-01,235,3,26.90348340699044,26.535715261584045,26.285715261584045,0.002462263613731387,0.25
1959-10-01,236,4,26.339559161987438,26.280741070514342,26.280741070514342,0.0018570886325437385,0.0
1960-01-01,237,1,23.49488364233206,25.954067436741592,26.204067436741592,0.0017596168777732114,-0.25
1960-04-01,238,2,25.284431071073,26.191287020080747,26.191287020080747,0.00167556678322053,0.0
1960-07-01,239,3,27.574887864276924,26.42770927561656,26.17770927561656,0.001353116749775987,0.25
1960-10-01,240,4,25.47764019293765,26.150705181906027,26.150705181906027,0.0017626769464146844,0.0
1961-01-01,241,1,27.316236022122027,25.831360661675042,26.081360661675042,0.001263128612032352,-0.25
1961-04-01,242,2,25.964911136410304,26.05058001742571,26.05058001742571,0.0007697250628554208,0.0
1961-07-01,243,3,28.169200920651576,26.28027481526836,26.03027481526836,0.0009223970975660528,0.25
1961-10-01,244,4,26.477509082221758,25.994580259627472,25.994580259627472,0.0007301300025819696,0.0
1962-01-01,245,1,25.032525763146687,25.69864398480066,25.94864398480066,0.0005572757692244033,-0.25
1962-04-01,246,2,27.5767187853598,25.96330457794341,25.96330457794341,0.0003891286218392554,0.0
1962-07-01,247,3,25.499171526020447,26.158991892018154,25.908991892018154,0.0005054330132110802,0.25
1962-10-01,248,4,25.484874132170155,25.935391462841324,25.935391462841324,0.0015219520625481796,0.0
1963-01-01,249,1,27.005228160692113,25.767584824343682,26.017584824343682,0.0009384274174647577,-0.25
1963-04-01,250,2,27.25156365713604,26.03927021333065,26.03927021333065,0.0012002309778056685,0.0
1963-07-01,251,3,26.667451021576404,26.265897235440388,26.015897235440388,0.0010787830076428057,0.25
1963-10-01,252,4,24.853325560101435,26.005177677071753,26.005177677071753,0.0016494762861415657,0.0
1964-01-01,253,1,27.376801556128182,25.779394308652165,26.029394308652165,0.0017540934468922255,-0.25
1964-04-01,254,2,24.28180283875046,26.068994387797485,26.068994387797485,0.0021363654745795695,0.0
1964-07-01,255,3,27.03347602742923,26.186844576576537,25.936844576576537,0.001880600074044411,0.25
1964-10-01,256,4,26.098951611758913,25.938509231176084,25.938509231176084,0.0019246972022258714,0.0
1965-01-01,257,1,25.709334617078103,25.630421409490783,25.880421409490783,0.002484564686582393,-0.25
1965-04-01,258,2,26.32618593707465,25.876109424996617,25.876109424996617,0.0022098334970365877,0.0
1965-07-01,259,3,26.592128543819037,26.19693879232788,25.94693879232788,0.0008942766521443963,0.25
1965-10-01,260,4,25.34453914517015,25.928642915436885,25.928642915436885,0.0002336674634327566,0.0
1966-01-01,261,1,26.996301285119515,25.628089780337476,25.878089780337476,-0.0003163196102204458,-0.25
1966-04-01,262,2,25.305995298172807,25.90289358000142,25.90289358000142,-0.0013718269119810747,0.0
1966-07-01,263,3,27.18029650522481,26.182215261347576,25.932215261347576,-0.0016143843029610984,0.25
1966-10-01,264,4,24.656449419058205,25.896539292202274,25.896539292202274,-0.001868417382292832,0.0
1967-01-01,265,1,26.589437587661134,25.51488240501313,25.76488240501313,-0.0017774810228376047,-0.25
1967-04-01,266,2,28.01455966704963,25.749737790936237,25.749737790936237,-0.0026875940618420347,0.0
1967-07-01,267,3,26.1352057417792,26.049533340758675,25.799533340758675,-0.0015752971801458072,0.25
1967-10-01,268,4,26.902736882344545,25.789975791791864,25.789975791791864,-0.0016658905304830088,0.0
1968-01-01,269,1,26.055441348215126,25.567920822301847,25.817920822301847,-0.0014128602273545952,-0.25
1968-04-01,270,2,25.01471922549268,25.815021744080756,25.815021744080756,-0.0015046286848184815,0.0
1968-07-01,271,3,26.46765579114576,26.008623796870594,25.758623796870594,-0.001061373326507863,0.25
1968-10-01,272,4,27.33429744622608,25.79637148803262,25.79637148803262,-0.0005825723972162077,0.0
1969-01-01,273,1,27.931383234316563,25.496426628668896,25.746426628668896,-0.0006126241304960965,-0.25
1969-04-01,274,2,25.80600420654646,25.81216030064339,25.81216030064339,-0.00032420187515682747,0.0
1969-07-01,275,3,24.916856661433155,26.05991999394981,25.80991999394981,-0.0008653593827758219,0.25
1969-10-01,276,4,25.580385339073818,25.69380887598264,25.69380887598264,-0.0006857474035537441,0.0
1970-01-01,277,1,24.84565675540334,25.38444277382916,25.63444277382916,-0.0005581202749683456,-0.25
1970-04-01,278,2,26.87393074179465,25.594865299121057,25.594865299121057,-0.0001582431791273343,0.0
1970-07-01,279,3,25.872516515028973,25.870554701552365,25.620554701552365,0.0001250477842747579,0.25
1970-10-01,280,4,24.14162439600944,25.563789968418142,25.563789968418142,0.0006834334565832946,0.0
1971-01-01,281,1,26.83585698952912,25.32796411886659,25.57796411886659,0.0005669857801620762,-0.25
1971-04-01,282,2,26.835345817239713,25.627551383308962,25.627551383308962,0.0008751452678946085,0.0
1971-07-01,283,3,25.600647968504525,25.889438689806,25.639438689806,0.000694560626869938,0.25
1971-10-01,284,4,25.66057521703695,25.665698662395126,25.665698662395126,0.0008070005205233332,0.0
1972-01-01,285,1,22.35078685438678,25.345231098530483,25.595231098530483,0.0017729441725956273,-0.25
1972-04-01,286,2,27.1642198894724,25.61172135664039,25.61172135664039,0.002306222534383193,0.0
1972-07-01,287,3,27.582333998226783,25.83359165026131,25.58359165026131,0.003290893066498617,0.25
1972-10-01,288,4,24.95664052173422,25.59326670838665,25.59326670838665,0.0022195428783922176,0.0
1973-01-01,289,1,27.382354345713345,25.401666175851325,25.651666175851325,0.0021726354637513646,-0.25
1973-04-01,290,2,25.046308955669083,25.63994214316151,25.63994214316151,0.002321888479181272,0.0
1973-07-01,291,3,25.008765167790678,25.85894003741834,25.60894003741834,0.002078696807892701,0.25
1973-10-01,292,4,22.396353920722227,25.62703841660101,25.62703841660101,0.0017771202622183246,0.0
1974-01-01,293,1,28.431486463796297,25.411086752518802,25.661086752518802,0.00205242447939447,-0.25
1974-04-01,294,2,26.819954675245377,25.725667511733313,25.725667511733313,0.0016756558770180921,0.0
1974-07-01,295,3,27.631334403236224,26.04035103037265,25.79035103037265,0.0014956084257383296,0.25
1974-10-01,296,4,26.74775761602929,25.833321703336175,25.833321703336175,0.0016493910856222845,0.0
1975-01-01,297,1,26.460412375240253,25.597587442599238,25.847587442599238,0.0017758269061767058,-0.25
1975-04-01,298,2,25.21284092209665,25.837070300101175,25.837070300101175,0.0017819045609249993,0.0
1975-07-01,299,3,26.13047087965213,26.073417570403503,25.823417570403503,0.0017345474576785128,0.25
1975-10-01,300,4,26.857762101829284,25.80347957315117,25.80347957315117,0.002142221295084704,0.0
1976-01-01,301,1,27.10994600591078,25.524027706615588,25.774027706615588,0.002174895266099599,-0.25
1976-04-01,302,2,26.575761371342956,25.854392510357073,25.854392510357073,0.0008763205870115395,0.0
1976-07-01,303,3,28.29737054092628,26.142901133731193,25.892901133731193,0.0007260124641669661,0.25
1976-10-01,304,4,29.62938347960529,25.966477546613906,25.966477546613906,-9.133690969930506e-07,0.0
1977-01-01,305,1,24.90566252813923,25.722068639678092,25.972068639678092,-4.717216446229956e-05,-0.25
1977-04-01,306,2,24.636575800406753,26.015609840045673,26.015609840045673,3.359085849074534e-05,0.0
1977-07-01,307,3,26.231293280189806,26.316714527501386,26.066714527501386,-0.0007839082671166849,0.25
1977-10-01,308,4,28.72420008460618,26.085357710420315,26.085357710420315,-0.0005709481962300668,0.0
1978-01-01,309,1,28.866096363245486,25.772042579104546,26.022042579104546,-5.380867513343529e-06,-0.25
1978-04-01,310,2,26.025800761343362,26.070361513065773,26.070361513065773,0.0006477863754421679,0.0
1978-07-01,311,3,28.840519341644594,26.31522929496913,26.06522929496913,0.0011660163584059707,0.25
1978-10-01,312,4,27.55700360656338,25.983285689628367,25.983285689628367,0.0017708035173636585,0.0
1979-01-01,313,1,26.888173320860528,25.73348061520021,25.98348061520021,0.0012969751634071846,-0.25
1979-04-01,314,2,25.058002161074825,26.01733327324917,26.01733327324917,0.001137250961394435,0.0
1979-07-01,315,3,28.29362706740738,26.30617255914731,26.05617255914731,0.00045694108686923315,0.25
1979-10-01,316,4,26.06615459219339,26.094406479583178,26.094406479583178,0.00045728512321257527,0.0
1980-01-01,317,1,23.8204880045276,25.82924274773317,26.07924274773317,0.0002861503622830845,-0.25
1980-04-01,318,2,25.499220200561865,25.982584989072322,25.982584989072322,0.0004605255610246558,0.0
1980-07-01,319,3,24.69361650989599,26.13419717790922,25.88419717790922,0.0006443154512247169,0.25
1980-10-01,320,4,27.950822129656014,25.824325129358467,25.824325129358467,0.0005835573919677148,0.0
1981-01-01,321,1,26.065210764555427,25.549018219984955,25.799018219984955,0.00024209711633927148,-0.25
1981-04-01,322,2,26.25543324718277,25.858331948574715,25.858331948574715,0.0005782560640191117,0.0
1981-07-01,323,3,27.17191953695728,26.1249727912433,25.8749727912433,0.0007512627643025451,0.25
1981-10-01,324,4,26.74809501082645,25.862536254761014,25.862536254761014,-0.0002585752827249497,0.0
1982-01-01,325,1,26.708984168645728,25.58123338199622,25.83123338199622,-0.0003420140143999152,-0.25
1982-04-01,326,2,27.468847550775777,25.86854497463381,25.86854497463381,-0.0005686868603159397,0.0
1982-07-01,327,3,28.17020168693522,26.081987469958058,25.831987469958058,-0.0013163605829738757,0.25
1982-10-01,328,4,25.228774005359217,25.838548685086014,25.838548685086014,-0.0018414082129902625,0.0
1983-01-01,329,1,23.989984599116433,25.60317409913682,25.85317409913682,-0.0026641162078599517,-0.25
1983-04-01,330,2,26.192016254054415,25.7591313280991,25.7591313280991,-0.0033969601839802677,0.0
1983-07-01,331,3,25.21047261949787,25.969409519111352,25.719409519111352,-0.002297686947386588,0.25
1983-10-01,332,4,26.35454413714088,25.707277546291493,25.707277546291493,-0.0021002335288785663,0.0
1984-01-01,333,1,27.426119977733944,25.46418676017228,25.71418676017228,-0.0021038640076451636,-0.25
1984-04-01,334,2,26.846581616727736,25.715044750082356,25.715044750082356,-0.0024625607685003167,0.0
1984-07-01,335,3,26.556120361509343,26.05986298085432,25.80986298085432,-0.0028250521768933595,0.25
1984-10-01,336,4,23.99850977237156,25.76368184612632,25.76368184612632,-0.0027561193133571913,0.0
1985-01-01,337,1,26.77343021698137,25.406277691380847,25.656277691380847,-0.0019907929785252126,-0.25
1985-04-01,338,2,27.375089196005188,25.589560609474532,25.589560609474532,-0.0014103652643985636,0.0
1985-07-01,339,3,27.214375215733714,25.859429312525158,25.609429312525158,-0.0023641944685763184,0.25
1985-10-01,340,4,24.27137661718598,25.566360928604098,25.566360928604098,-0.00215314926647878,0.0
1986-01-01,341,1,26.655711284080812,25.21781662829675,25.46781662829675,-0.0020677487127033862,-0.25
1986-04-01,342,2,26.37959085785499,25.402890700509484,25.402890700509484,-0.0017618192058734357,0.0
1986-07-01,343,3,25.81354408284337,25.66930503551853,25.41930503551853,-0.0019919346890972032,0.25
1986-10-01,344,4,26.70009477380678,25.433097477797318,25.433097477797318,-0.002141009019791904,0.0
1987-01-01,345,1,23.91530658624247,25.109854981130006,25.359854981130006,-0.0014545635178988122,-0.25
1987-04-01,346,2,26.272082294642637,25.363050576147486,25.363050576147486,-0.001517456342248179,0.0
1987-07-01,347,3,28.436182085353884,25.58924005346172,25.33924005346172,-0.001309963492459983,0.25
1987-10-01,348,4,24.70423762646705,25.418081758133532,25.418081758133532,-0.0012637478625744016,0.0
1988-01-01,349,1,23.20456810979827,25.10894524803915,25.35894524803915,-0.000923326051739497,-0.25
1988-04-01,350,2,25.5933879966424,25.393612605995326,25.393612605995326,-0.00031913922355409176,0.0
1988-07-01,351,3,25.061598667926344,25.696179941578187,25.446179941578187,-0.00016883862329673198,0.25
1988-10-01,352,4,28.018729070742832,25.447432465158037,25.447432465158037,-0.0007423809972755157,0.0
1989-01-01,353,1,22.809745108609334,25.2731690060182,25.5231690060182,-0.0005705847357400009,-0.25
1989-04-01,354,2,26.96809200826301,25.495461855951067,25.495461855951067,-0.00045678919723409536,0.0
1989-07-01,355,3,27.452888405977625,25.729398485752743,25.479398485752743,-0.001024183202130787,0.25
1989-10-01,356,4,28.24791852629471,25.525533101953737,25.525533101953737,-0.0014932501667331735,0.0
1990-01-01,357,1,26.71932335489757,25.255365888488328,25.505365888488328,-0.0015930711279393533,-0.25
1990-04-01,358,2,25.884083924229355,25.511017693984297,25.511017693984297,-0.0017071920705697193,0.0
1990-07-01,359,3,26.960684911701204,25.70876910206423,25.45876910206423,-0.0018312214963243784,0.25
1990-10-01,360,4,25.80318329946671,25.479547926822736,25.479547926822736,-0.0020302141116563693,0.0
1991-01-01,361,1,27.13526654042606,25.254353670083646,25.504353670083646,-0.0010755398689256596,-0.25
1991-04-01,362,2,25.133741650134557,25.486509173582032,25.486509173582032,-0.0008391321546226791,0.0
1991-07-01,363,3,23.860694487974925,25.668741149595007,25.418741149595007,-0.0010637292050690711,0.25
1991-10-01,364,4,23.667092059541446,25.419855961368047,25.419855961368047,-0.000924419160476905,0.0
1992-01-01,365,1,25.216704646485738,25.16258727718533,25.41258727718533,0.00014203075453298722,-0.25
1992-04-01,366,2,25.42927003070571,25.37077912655716,25.37077912655716,0.00015260621860626648,0.0
1992-07-01,367,3,26.648379530269665,25.554659712428574,25.304659712428574,0.0002159113610105806,0.25
1992-10-01,368,4,26.69792690534423,25.40382256800031,25.40382256800031,-7.253111437284938e-05,0.0
1993-01-01,369,1,24.396561019849226,25.063484571835758,25.313484571835758,0.0001581270986622432,-0.25
1993-04-01,370,2,23.7743602153598,25.24743209956358,25.24743209956358,0.0005662211607135029,0.0
1993-07-01,371,3,27.944871734746577,25.51431763620631,25.26431763620631,0.00017545274700850967,0.25
1993-10-01,372,4,23.71170805372817,25.177017372496977,25.177017372496977,0.0005966417550952133,0.0
1994-01-01,373,1,23.067329675743704,24.867169814622276,25.117169814622276,0.000847010617737296,-0.25
1994-04-01,374,2,24.097592664095643,25.151321578041447,25.151321578041447,0.0008290041253924058,0.0
1994-07-01,375,3,24.999857075744213,25.301127637332545,25.051127637332545,0.0005132005859944072,0.25
1994-10-01,376,4,25.593843821657146,25.170902968478785,25.170902968478785,0.00013515448399242666,0.0
1995-01-01,377,1,24.51524408237121,24.91416354760216,25.16416354760216,0.0006195270781779185,-0.25
1995-04-01,378,2,23.657021286215738,25.19277444761171,25.19277444761171,0.0015242620555067875,0.0
1995-07-01,379,3,24.893951932635378,25.47797153999021,25.22797153999021,0.002221510575593841,0.25
1995-10-01,380,4,26.647138109508607,25.18578150320612,25.18578150320612,0.0016622156684195652,0.0
1996-01-01,381,1,26.1406514051546,25.038706250458453,25.288706250458453,0.0013915079728288042,-0.25
1996-04-01,382,2,25.695940215741505,25.334305050979548,25.334305050979548,0.001399460526585643,0.0
1996-07-01,383,3,26.75354093716811,25.534863530430766,25.284863530430766,0.001435496987546743,0.25
1996-10-01,384,4,24.351333776215927,25.20948262918737,25.20948262918737,0.00022674928237076159,0.0
1997-01-01,385,1,26.412199623761204,24.886860820416047,25.136860820416047,9.988004668754627e-05,-0.25
1997-04-01,386,2,23.933471437664764,25.153192627675985,25.153192627675985,0.0005818788953797926,0.0
1997-07-01,387,3,26.480554912299635,25.327918811423277,25.077918811423277,-5.563531257460656e-05,0.25
1997-10-01,388,4,23.044256771009742,25.119958771878075,25.119958771878075,0.00038023137035127094,0.0
1998-01-01,389,1,25.202181784905882,24.972007606653115,25.222007606653115,0.0007540499902157971,-0.25
1998-04-01,390,2,24.927788500170966,25.164005449381794,25.164005449381794,0.000948816418173595,0.0
1998-07-01,391,3,22.740489648572375,25.403340485047067,25.153340485047067,0.0009184928626061443,0.25
1998-10-01,392,4,27.34745878029716,25.19429559542024,25.19429559542024,0.0018153442032812842,0.0
1999-01-01,393,1,29.02099488912383,24.88131743674431,25.13131743674431,0.0015558907792640503,-0.25
1999-04-01,394,2,22.942943943567887,25.17088018626816,25.17088018626816,0.0008354205199212929,0.0
1999-07-01,395,3,26.166529218217768,25.390619753421756,25.140619753421756,0.00040579982786614644,0.25
1999-10-01,396,4,23.94179264277008,25.192914412995275,25.192914412995275,0.00035615394791438013,0.0
2000-01-01,397,1,26.564990750011287,24.974930297795705,25.224930297795705,0.0008710102815687225,-0.25
2000-04-01,398,2,24.538862471593816,25.285305519238882,25.285305519238882,0.0007757589755366388,0.0
2000-07-01,399,3,27.295493675540246,25.585856423006383,25.335856423006383,0.0016481029326158895,0.25
2000-10-01,400,4,26.36284873235413,25.332772382658856,25.332772382658856,0.002612648848327042,0.0
2001-01-01,401,1,28.219678284623722,25.05451293482184,25.30451293482184,0.0025659260956814767,-0.25
2001-04-01,402,2,24.84820720674573,25.312488999782754,25.312488999782754,0.0025783088952664487,0.0
2001-07-01,403,3,28.025222725225333,25.494007654821687,25.244007654821687,0.0033555451770444283,0.25
2001-10-01,404,4,28.300135962804802,25.22245898708617,25.22245898708617,0.003620396936021904,0.0
2002-01-01,405,1,25.284276159695462,24.948526882223746,25.198526882223746,0.003715483088915436,-0.25
2002-04-01,406,2,24.72933288945404,25.27968071405949,25.27968071405949,0.0029563327354631286,0.0
2002-07-01,407,3,27.21776486174278,25.455534880138867,25.205534880138867,0.0026182907870719594,0.25
2002-10-01,408,4,25.50949807821139,25.16660103182199,25.16660103182199,0.002300767974846482,0.0
2003-01-01,409,1,28.1838902714351,24.894693764527542,25.144693764527542,0.0022516515720624967,-0.25
2003-04-01,410,2,26.134614557244237,25.135059387727505,25.135059387727505,0.0014823658766484967,0.0
2003-07-01,411,3,27.307092527063546,25.352740108249343,25.102740108249343,0.001821306572508887,0.25
2003-10-01,412,4,24.35653307022538,25.07968008494814,25.07968008494814,0.0017579090985746996,0.0
2004-01-01,413,1,27.90893813048075,24.810444691329437,25.060444691329437,0.001913196810609755,-0.25
2004-04-01,414,2,26.370784994409068,25.047938768388747,25.047938768388747,0.0014389498652167332,0.0
2004-07-01,415,3,26.58593448396249,25.219848897914375,24.969848897914375,0.0010911164980423964,0.25
2004-10-01,416,4,25.074263385842173,25.03106299191259,25.03106299191259,0.0008475955114877682,0.0
2005-01-01,417,1,24.027895480825865,24.7952924089049,25.0452924089049,0.0006392645757608552,-0.25
2005-04-01,418,2,22.082475842140415,25.05223487186688,25.05223487186688,0.0007930500062512558,0.0
2005-07-01,419,3,22.558922475556738,25.29324422727373,25.04324422727373,0.0005559471949332018,0.25
2005-10-01,420,4,26.11578911355799,25.00078535214748,25.00078535214748,0.000996862706805021,0.0
2006-01-01,421,1,28.050348562018822,24.808898551679228,25.058898551679228,0.0015674617614044972,-0.25
2006-04-01,422,2,28.507241894183817,25.061010408363725,25.061010408363725,0.0020420746654893217,0.0
2006-07-01,423,3,22.80749718655956,25.287169330217477,25.037169330217477,0.0018410182317845434,0.25
2006-10-01,424,4,25.82285283561713,25.089186700145316,25.089186700145316,0.0016702358448227915,0.0
2007-01-01,425,1,26.82668552865794,24.83241089299358,25.08241089299358,0.001716063412022697,-0.25
2007-04-01,426,2,24.13447594207238,25.137603956001268,25.137603956001268,0.002420196500885413,0.0
2007-07-01,427,3,25.053701814381,25.347393343985832,25.097393343985832,0.002727965040990263,0.25
2007-10-01,428,4,27.718386300942306,25.12116058342955,25.12116058342955,0.0024161959538569885,0.0
2008-01-01,429,1,23.977142163007276,24.819278999563068,25.069278999563068,0.002557026694512573,-0.25
2008-04-01,430,2,25.965928798777888,24.97563755127844,24.97563755127844,0.0027972531618684036,0.0
2008-07-01,431,3,23.830459224427692,25.240583238046863,24.990583238046863,0.0031864977600535123,0.25
2008-10-01,432,4,24.247617161899445,24.966921651435662,24.966921651435662,0.003312854927249539,0.0
2009-01-01,433,1,24.65113376175211,24.754180380786654,25.004180380786654,0.00389745401044475,-0.25
2009-04-01,434,2,25.09135852009668,24.939743718036645,24.939743718036645,0.00409589505698394,0.0
2009-07-01,435,3,24.850672308791438,25.22958922746366,24.97958922746366,0.0035143975550780433,0.25
2009-10-01,436,4,27.03297416750323,25.050018742459287,25.050018742459287,0.0032709703366616072,0.0
2010-01-01,437,1,26.596236609072292,24.78952056973382,25.03952056973382,0.004111715001212899,-0.25
2010-04-01,438,2,25.500648983912118,25.028773041829876,25.028773041829876,0.004749492375981674,0.0
2010-07-01,439,3,26.333139528114035,25.298319927194115,25.048319927194115,0.004270035375655592,0.25
2010-10-01,440,4,27.493052173317107,25.05939238658532,25.05939238658532,0.0045695631050887845,0.0
2011-01-01,441,1,27.714592550430815,24.72960545123756,24.97960545123756,0.004361090047017705,-0.25
2011-04-01,442,2,24.951099580917525,24.94297874461269,24.94297874461269,0.004594557680806784,0.0
2011-07-01,443,3,26.74017624915614,25.22370361956476,24.97370361956476,0.004773372971274608,0.25
2011-10-01,444,4,26.974130440943746,24.979446888858824,24.979446888858824,0.004606147909063366,0.0
2012-01-01,445,1,25.492094617790162,24.703850116528933,24.953850116528933,0.0049029304039043065,-0.25
2012-04-01,446,2,24.298248541862662,24.926587953660825,24.926587953660825,0.004755731950444771,0.0
2012-07-01,447,3,24.76693034421535,25.115773940588337,24.865773940588337,0.005539751211661537,0.25
2012-10-01,448,4,24.23411870031507,24.83458193920939,24.83458193920939,0.005201128867691555,0.0
2013-01-01,449,1,25.65985375373691,24.574158814674643,24.824158814674643,0.004963188923704064,-0.25
2013-04-01,450,2,26.53383367179378,24.831116308880773,24.831116308880773,0.004456151635251392,0.0
2013-07-01,451,3,24.38458358174979,25.20039526218859,24.95039526218859,0.00459843315460694,0.25
2013-10-01,452,4,24.94889225484678,24.97518247060871,24.97518247060871,0.004295094990286572,0.0
2014-01-01,453,1,25.224320490107733,24.760133150078026,25.010133150078026,0.0038642642260811604,-0.25
2014-04-01,454,2,25.892190011391715,24.921820033087037,24.921820033087037,0.003968465998989961,0.0
2014-07-01,455,3,25.77919682942546,25.062803572329862,24.812803572329862,0.0036690549769979918,0.25
2014-10-01,456,4,23.1312350796011,24.89789826040293,24.89789826040293,0.0029396656489455693,0.0
2015-01-01,457,1,24.726923694269836,24.628146046546068,24.878146046546068,0.004162239526088992,-0.25
2015-04-01,458,2,22.734857922960444,24.882459630479072,24.882459630479072,0.004040245675849483,0.0
2015-07-01,459,3,26.23087580565314,25.179917209729275,24.929917209729275,0.0037123253416204566,0.25
2015-10-01,460,4,23.275653207793244,24.90669092448154,24.90669092448154,0.003891380980075912,0.0
2016-01-01,461,1,28.53271247889565,24.640354269218776,24.890354269218776,0.0041951447178396085,-0.25
2016-04-01,462,2,24.18722696970744,24.954517230961407,24.954517230961407,0.004073780012891151,0.0
2016-07-01,463,3,25.354100383198862,25.23044406796365,24.98044406796365,0.005394469546294793,0.25
2016-10-01,464,4,24.416674323613563,24.96065498491346,24.96065498491346,0.00538449196589953,0.0
2017-01-01,465,1,25.66540853332794,24.641968961583,24.891968961583,0.0055962084582184615,-0.25
2017-04-01,466,2,25.699351297033004,24.897405597278237,24.897405597278237,0.005978589914940856,0.0
2017-07-01,467,3,26.858957345664926,25.21261355690104,24.96261355690104,0.005510336701498655,0.25
2017-10-01,468,4,23.81408811455532,24.951294581130306,24.951294581130306,0.0059253403412392385,0.0
2018-01-01,469,1,24.521024285444486,24.760480733159397,25.010480733159397,0.005651648422839874,-0.25
2018-04-01,470,2,24.48284470942294,24.93444363231244,24.93444363231244,0.005989768743937273,0.0
2018-07-01,471,3,27.795408922927543,25.255892700487575,25.005892700487575,0.005998041678585783,0.25
2018-10-01,472,4,26.717914231651637,25.018768881996525,25.018768881996525,0.005129211554039311,0.0
2019-01-01,473,1,25.518256628159275,24.706894500164672,24.956894500164672,0.00512640819723639,-0.25
2019-04-01,474,2,26.97123256750435,24.885443372259413,24.885443372259413,0.005803454097437218,0.0
2019-07-01,475,3,25.918457001241084,25.22690243346561,24.97690243346561,0.005025721568141563,0.25
2019-10-01,476,4,24.861193384754145,25.06116271516054,25.06116271516054,0.005794505330509841,0.0
2020-01-01,477,1,26.55397514591584,24.980291216227066,25.230291216227066,0.006620128956322723,-0.25
2020-04-01,478,2,28.659796687213177,25.20792439186041,25.20792439186041,0.006783788949156835,0.0
2020-07-01,479,3,27.521374154500307,25.400871472181958,25.150871472181958,0.006809318740679446,0.25
2020-10-01,480,4,26.785227040349113,25.144709236731828,25.144709236731828,0.006949007224587667,0.0
2021-01-01,481,1,28.766574472743503,24.906256561027323,25.156256561027323,0.0068364274439983,-0.25
2021-04-01,482,2,24.89687837622371,25.15445278427091,25.15445278427091,0.0075634659064304855,0.0
2021-07-01,483,3,26.056352719703302,25.47260457610777,25.22260457610777,0.00798483305110005,0.25
2021-10-01,484,4,24.431337947844614,25.239656604222716,25.239656604222716,0.00834610731776322,0.0
2022-01-01,485,1,24.811615039493628,24.988382193806405,25.238382193806405,0.008376880077605987,-0.25
2022-04-01,486,2,26.682300467601948,25.19347461412587,25.19347461412587,0.008090131083662237,0.0
2022-07-01,487,3,26.114060626288556,25.453979974873583,25.203979974873583,0.008625646568517106,0.25
2022-10-01,488,4,24.325217030878495,25.1970461049708,25.1970461049708,0.009309193500394454,0.0
2023-01-01,489,1,25.71779409687823,24.927775435187332,25.177775435187332,0.009353072189622526,-0.25
2023-04-01,490,2,24.446522946660252,25.163440208180894,25.163440208180894,0.008736859989872755,0.0
2023-07-01,491,3,24.225170078667283,25.488205382954032,25.238205382954032,0.008517020974764313,0.25
2023-10-01,492,4,23.76185718179799,25.2724369771942,25.2724369771942,0.008619737739171723,0.0
2024-01-01,493,1,25.80084798807867,25.071779389616008,25.321779389616008,0.008557500153640681,-0.25
2024-04-01,494,2,26.35912303145334,25.34056595230785,25.34056595230785,0.008212366060411943,0.0
2024-07-01,495,3,23.302469131325314,25.642642533000153,25.392642533000153,0.007472963302970136,0.25
2024-10-01,496,4,26.81896664737812,25.410940973985937,25.410940973985937,0.0074343273242086175,0.0
2025-01-01,497,1,27.567358660984286,25.14286281038126,25.39286281038126,0.0069426189513856935,-0.25
2025-04-01,498,2,25.82288896025052,25.31890288165083,25.31890288165083,0.007184648743965577,0.0
2025-07-01,499,3,27.0680852050021,25.55744557055439,25.30744557055439,0.0074616731595172035,0.25
2025-10-01,500,4,28.39364842594129,25.318405532614268,25.318405532614268,0.00831191402810808,0.0
2026-01-01,501,1,26.089511924481073,25.17017824847659,25.42017824847659,0.007978623833002536,-0.25
2026-04-01,502,2,24.47196836228101,25.460759115116467,25.460759115116467,0.008656818735276269,0.0
2026-07-01,503,3,25.658087115363312,25.65238219189878,25.40238219189878,0.00817927570202914,0.25
2026-10-01,504,4,25.4233418486352,25.359539922593946,25.359539922593946,0.00798844047352221,0.0
2027-01-01,505,1,25.660726196335922,25.217951919019946,25.467951919019946,0.008279632416438969,-0.25
2027-04-01,506,2,24.301446703449177,25.444165943381133,25.444165943381133,0.00840738392120346,0.0
2027-07-01,507,3,27.37590982678666,25.593179546587475,25.343179546587475,0.007987556239406585,0.25
2027-10-01,508,4,22.73816765345295,25.432310214753027,25.432310214753027,0.008591974728229597,0.0
2028-01-01,509,1,24.364682648800652,25.20562476360102,25.45562476360102,0.0077916208405075,-0.25
2028-04-01,510,2,26.118499426499007,25.519818597267072,25.519818597267072,0.006807350117744302,0.0
2028-07-01,511,3,25.02061843078392,25.797948526855805,25.547948526855805,0.006298647270969201,0.25
2028-10-01,512,4,23.78994360052693,25.550389708381996,25.550389708381996,0.0062977329099527775,0.0
2029-01-01,513,1,23.65550719536388,25.387830364895155,25.637830364895155,0.0068682007375819665,-0.25
2029-04-01,514,2,28.696808030753743,25.762856882741197,25.762856882741197,0.007146554000276431,0.0
2029-07-01,515,3,24.678281412948962,25.925978444185084,25.675978444185084,0.006814275062267617,0.25
2029-10-01,516,4,25.312920556802613,25.604829917662308,25.604829917662308,0.007138371197997872,0.0
2030-01-01,517,1,22.083035413122342,25.340267929628194,25.590267929628194,0.006892483549222556,-0.25
2030-04-01,518,2,24.677456160064487,25.723470363594505,25.723470363594505,0.006652582109071644,0.0
2030-07-01,519,3,27.77891544793749,25.938685432483922,25.688685432483922,0.007464081023581699,0.25
2030-10-01,520,4,26.310017106266663,25.661760119501498,25.661760119501498,0.007370676694899857,0.0
2031-01-01,521,1,23.12101149572668,25.485471704942995,25.735471704942995,0.0071318771804631245,-0.25
2031-04-01,522,2,26.82616885548213,25.798205371264153,25.798205371264153,0.007627746433525642,0.0
2031-07-01,523,3,26.797354316619494,26.127514546878178,25.877514546878178,0.00774428791231296,0.25
2031-10-01,524,4,26.1606571362511,25.79383898119842,25.79383898119842,0.008144930123905892,0.0
2032-01-01,525,1,25.668916493943442,25.56331960510103,25.81331960510103,0.008506561596159054,-0.25
2032-04-01,526,2,24.86905735440158,25.78925559460973,25.78925559460973,0.007754377864836642,0.0
2032-07-01,527,3,26.2697900098872,25.936435922643295,25.686435922643295,0.007590890518397198,0.25
2032-10-01,528,4,25.09691336022651,25.72072359902289,25.72072359902289,0.00732574050220036,0.0
2033-01-01,529,1,27.40147831368681,25.456207403988792,25.706207403988792,0.007138302079023413,-0.25
2033-04-01,530,2,29.18175086134198,25.758556101576602,25.758556101576602,0.0073535986710628574,0.0
2033-07-01,531,3,27.517634637043912,26.056844083358637,25.806844083358637,0.0074875905580917106,0.25
2033-10-01,532,4,25.99842619000152,25.82091014811107,25.82091014811107,0.007108596570418477,0.0
2034-01-01,533,1,27.512907447879204,25.612657560283154,25.862657560283154,0.006382689689577402,-0.25
2034-04-01,534,2,28.205707044860958,25.84706428015654,25.84706428015654,0.0065732180127837095,0.0
2034-07-01,535,3,25.703209789205648,26.12677180433347,25.87677180433347,0.007268964187736408,0.25
2034-10-01,536,4,29.181672686458903,25.91999532127467,25.91999532127467,0.00682411123009328,0.0
2035-01-01,537,1,26.04055680119897,25.64701216751984,25.89701216751984,0.006798098004456184,-0.25
2035-04-01,538,2,26.54962192184252,25.83311869330313,25.83311869330313,0.006681194428381323,0.0
2035-07-01,539,3,24.708159675078,26.029326205362693,25.779326205362693,0.006456386879636284,0.25
2035-10-01,540,4,26.36768416723986,25.81174920617602,25.81174920617602,0.006195825289901438,0.0
2036-01-01,541,1,26.24815161108576,25.514938218671396,25.764938218671396,0.006289124118352018,-0.25
2036-04-01,542,2,25.681414202038717,25.757338444516407,25.757338444516407,0.006480730678346466,0.0
2036-07-01,543,3,27.792766147124553,26.077091069441302,25.827091069441302,0.006545157415312578,0.25
2036-10-01,544,4,26.824448741058234,25.790993967399963,25.790993967399963,0.005876964486345694,0.0
2037-01-01,545,1,27.571363374659338,25.464034520691634,25.714034520691634,0.00625597955788631,-0.25
2037-04-01,546,2,26.31870556669533,25.685633399865228,25.685633399865228,0.006020343247885388,0.0
2037-07-01,547,3,26.97548860188898,26.00904750895818,25.75904750895818,0.005809676243218917,0.25
2037-10-01,548,4,24.82235737214467,25.66789504757107,25.66789504757107,0.006526526464166262,0.0
2038-01-01,549,1,25.33430197501618,25.460538379406543,25.710538379406543,0.006745530885966088,-0.25
2038-04-01,550,2,23.149810744805727,25.714568240989355,25.714568240989355,0.006671324233170341,0.0
2038-07-01,551,3,27.2676494999471,25.976112165028777,25.726112165028777,0.006813554339592315,0.25
2038-10-01,552,4,29.143072689002977,25.676166879275435,25.676166879275435,0.007222193683240425,0.0
2039-01-01,553,1,25.413271417243855,25.366507772314257,25.616507772314257,0.006670459877971906,-0.25
2039-04-01,554,2,26.4152941801281,25.62832147553355,25.62832147553355,0.006915675868371541,0.0
2039-07-01,555,3,27.113892109401167,25.73846448112639,25.48846448112639,0.0071845910240086325,0.25
2039-10-01,556,4,25.519404936517244,25.480412620728536,25.480412620728536,0.007001922906044003,0.0
2040-01-01,557,1,26.240685220723734,25.304102740174137,25.554102740174137,0.00608043712878897,-0.25
2040-04-01,558,2,26.79709509578198,25.573124061894603,25.573124061894603,0.006590639201261574,0.0
2040-07-01,559,3,26.627855773995723,25.849442157289438,25.599442157289438,0.006817773485654334,0.25
2040-10-01,560,4,25.92319011058753,25.601282392816653,25.601282392816653,0.00614955027951708,0.0
2041-01-01,561,1,26.359449044653168,25.37731192634799,25.62731192634799,0.006040834426335057,-0.25
2041-04-01,562,2,25.25344912798595,25.627130556894265,25.627130556894265,0.005774461733105562,0.0
2041-07-01,563,3,25.124595178268823,25.833461188732958,25.583461188732958,0.005327942982264451,0.25
2041-10-01,564,4,26.52193822951351,25.76389492269451,25.76389492269451,0.005275867091431869,0.0
2042-01-01,565,1,24.57019707070985,25.529938032598047,25.779938032598047,0.006144250842755628,-0.25
2042-04-01,566,2,25.8372803337329,25.758775017646975,25.758775017646975,0.006273773434755114,0.0
2042-07-01,567,3,26.781049297877118,25.995387586538776,25.745387586538776,0.0059127159952016995,0.25
2042-10-01,568,4,27.612400570760432,25.740795698736648,25.740795698736648,0.005348336596962509,0.0
2043-01-01,569,1,23.80643280305195,25.57279284839869,25.82279284839869,0.00571462548388,-0.25
2043-04-01,570,2,27.623032386460288,25.811520655003882,25.811520655003882,0.0057103313522205035,0.0
2043-07-01,571,3,25.767117502118328,26.10831379397753,25.85831379397753,0.005902140726173014,0.25
2043-10-01,572,4,24.584722352620396,25.877511469853122,25.877511469853122,0.0059217674554383455,0.0
2044-01-01,573,1,25.093378853637866,25.72726759161352,25.97726759161352,0.006132108368115719,-0.25
2044-04-01,574,2,25.39583747856518,25.98584239825738,25.98584239825738,0.007078729451365532,0.0
2044-07-01,575,3,26.245180397237363,26.286005482514394,26.036005482514394,0.006457527439559104,0.25
2044-10-01,576,4,25.36498060718234,26.067001519616426,26.067001519616426,0.0064953929122266675,0.0
2045-01-01,577,1,27.13904592089885,25.717382477218052,25.967382477218052,0.005540597756779496,-0.25
2045-04-01,578,2,26.460317976049165,25.962781013584543,25.962781013584543,0.00637883021043765,0.0
2045-07-01,579,3,28.73227092600103,26.188561626189394,25.938561626189394,0.006552103253943207,0.25
2045-10-01,580,4,28.9665851103734,25.93929126443514,25.93929126443514,0.007310153230731053,0.0
2046-01-01,581,1,27.59727593084729,25.6728143463784,25.9228143463784,0.007384967250511543,-0.25
2046-04-01,582,2,26.579411455635945,25.984229454668146,25.984229454668146,0.007347695561209965,0.0
2046-07-01,583,3,26.99711515832654,26.273601953032568,26.023601953032568,0.007350432310478017,0.25
2046-10-01,584,4,24.958662722737845,26.03641465646639,26.03641465646639,0.00751753007204529,0.0
2047-01-01,585,1,27.15275930712176,25.847139542890645,26.097139542890645,0.006872401300656105,-0.25
2047-04-01,586,2,27.951103441668543,26.158247323631272,26.158247323631272,0.006322474323281635,0.0
2047-07-01,587,3,26.681507957662383,26.33999143024505,26.08999143024505,0.0063994242647849794,0.25
2047-10-01,588,4,26.99300011722056,26.122627208893686,26.122627208893686,0.005621210524424341,0.0
2048-01-01,589,1,25.392406165806534,25.904450301757635,26.154450301757635,0.0055038531177165366,-0.25
2048-04-01,590,2,25.575895226338705,26.218296937357152,26.218296937357152,0.0053497360988249325,0.0
2048-07-01,591,3,27.849573718290365,26.507993634937105,26.257993634937105,0.005355733263537161,0.25
2048-10-01,592,4,27.802961372547315,26.342106582846284,26.342106582846284,0.004909236598980318,0.0
2049-01-01,593,1,28.96921393470821,26.096773157891267,26.346773157891267,0.005880404186659452,-0.25
2049-04-01,594,2,25.0786773926243,26.380134002860675,26.380134002860675,0.005254863375066364,0.0
2049-07-01,595,3,29.162175373399325,26.605271600610887,26.355271600610887,0.005199972790495401,0.25
2049-10-01,596,4,26.41648143580493,26.410312971385796,26.410312971385796,0.005143479115283756,0.0
2050-01-01,597,1,26.791519062127673,26.211345041498895,26.461345041498895,0.005546473467027654,-0.25
2050-04-01,598,2,27.686895542475575,26.42202349948876,26.42202349948876,0.006232382006857697,0.0
2050-07-01,599,3,27.694030465450933,26.6587040757111,26.4087040757111,0.0073161600962384065,0.25
2050-10-01,600,4,26.365608294410876,26.426651060114537,26.426651060114537,0.007785241762768766,0.0
2051-01-01,601,1,27.15507652758975,26.263022773479378,26.513022773479378,0.008896835679846702,-0.25
2051-04-01,602,2,24.719213645477563,26.530672264058637,26.530672264058637,0.00875320773697007,0.0
2051-07-01,603,3,24.832400547339734,26.925516614498292,26.675516614498292,0.008252877468419302,0.25
2051-10-01,604,4,28.21482456758504,26.76898613340128,26.76898613340128,0.008580880409924312,0.0
2052-01-01,605,1,26.113218363965924,26.547462764653204,26.797462764653204,0.0076619459418158205,-0.25
2052-04-01,606,2,25.190024547082533,26.71558561256094,26.71558561256094,0.007130862463289274,0.0
2052-07-01,607,3,26.91103143265113,26.98903064502469,26.73903064502469,0.007339935183496882,0.25
2052-10-01,608,4,25.60365692691627,26.692707131857905,26.692707131857905,0.007954359483166487,0.0
2053-01-01,609,1,24.90637755298974,26.47061302097221,26.72061302097221,0.007243011755880725,-0.25
2053-04-01,610,2,26.33390447582813,26.816678023264522,26.816678023264522,0.005942211110152752,0.0
2053-07-01,611,3,24.847366146960084,27.04873369211312,26.79873369211312,0.006291421580340602,0.25
2053-10-01,612,4,28.068013420201243,26.854969048510817,26.854969048510817,0.006499057104775597,0.0
2054-01-01,613,1,24.674146100918556,26.61828969516765,26.86828969516765,0.00615266874435256,-0.25
2054-04-01,614,2,28.194487580803845,26.91847528639268,26.91847528639268,0.006153106651100401,0.0
2054-07-01,615,3,30.185459868822825,27.196635283761168,26.946635283761168,0.006256802926883708,0.25
2054-10-01,616,4,27.940338749647438,26.975457787788777,26.975457787788777,0.006940052507784752,0.0
2055-01-01,617,1,27.129120212894662,26.73215823858327,26.98215823858327,0.007119954126419727,-0.25
2055-04-01,618,2,28.947376153215625,26.937007172773487,26.937007172773487,0.006829056140808642,0.0
2055-07-01,619,3,28.143047880768208,27.14406646706155,26.89406646706155,0.007039280512642418,0.25
2055-10-01,620,4,29.378240743939,26.962998356042203,26.962998356042203,0.007073918628314242,0.0
2056-01-01,621,1,25.214632635053697,26.72899274742032,26.97899274742032,0.005930876524850933,-0.25
2056-04-01,622,2,27.82955377915689,26.972022603971826,26.972022603971826,0.005822838425160133,0.0
2056-07-01,623,3,27.508752657438418,27.187652461483015,26.937652461483015,0.005899140785223674,0.25
2056-10-01,624,4,29.60244980737078,26.885556120752977,26.885556120752977,0.006144264946674966,0.0
2057-01-01,625,1,26.189637171387986,26.692407145757986,26.942407145757986,0.00568038064192525,-0.25
2057-04-01,626,2,28.432097563353143,26.90757645784735,26.90757645784735,0.00564205041146916,0.0
2057-07-01,627,3,28.4526286992212,27.136498353220166,26.886498353220166,0.005689372925634471,0.25
2057-10-01,628,4,27.60219564362015,26.93052196134482,26.93052196134482,0.0049132217240672104,0.0
2058-01-01,629,1,26.46033808044292,26.718273364108587,26.968273364108587,0.005523274329443292,-0.25
2058-04-01,630,2,27.801899384307696,27.06376396898927,27.06376396898927,0.00619554652856044,0.0
2058-07-01,631,3,28.044881728765525,27.35235985424628,27.10235985424628,0.006060998621805075,0.25
2058-10-01,632,4,24.771078871705406,27.087343651288684,27.087343651288684,0.005861830606888308,0.0
2059-01-01,633,1,29.64879672028427,26.845092325035676,27.095092325035676,0.0062217933174069096,-0.25
2059-04-01,634,2,26.303400081699795,27.12570161233915,27.12570161233915,0.0055863261724524655,0.0
2059-07-01,635,3,25.450569959089663,27.40908313972445,27.15908313972445,0.005920831780436705,0.25
2059-10-01,636,4,26.355206733986495,27.204612992511176,27.204612992511176,0.0062979247010186675,0.0
2060-01-01,637,1,27.5862891910242,26.90688617604904,27.15688617604904,0.007072830851128231,-0.25
2060-04-01,638,2,28.187804282568546,27.13139628682086,27.13139628682086,0.008052519520814072,0.0
2060-07-01,639,3,26.327743256965316,27.377420354452322,27.127420354452322,0.00758125617313184,0.25
2060-10-01,640,4,26.916941766678327,27.053478360620797,27.053478360620797,0.007019969087705918,0.0
2061-01-01,641,1,29.38918865880499,26.817678081589257,27.067678081589257,0.006181516113599039,-0.25
2061-04-01,642,2,29.461305695993477,27.08549059353422,27.08549059353422,0.006248067426380697,0.0
2061-07-01,643,3,27.839155046359874,27.3246727550252,27.0746727550252,0.006535697629110637,0.25
2061-10-01,644,4,28.7647369312809,27.04745618959698,27.04745618959698,0.00637233707845379,0.0
2062-01-01,645,1,26.515095981852717,26.757196070825014,27.007196070825014,0.00716869520054221,-0.25
2062-04-01,646,2,26.824295152930414,27.01917685989609,27.01917685989609,0.006512874689570907,0.0
2062-07-01,647,3,28.004802136838688,27.27815293405824,27.02815293405824,0.0054011884997763136,0.25
2062-10-01,648,4,29.33200987173456,27.048473255067947,27.048473255067947,0.004704360298014404,0.0
2063-01-01,649,1,23.75926091316509,26.84179658714056,27.09179658714056,0.004391005258132075,-0.25
2063-04-01,650,2,30.14084267522401,27.12533122279732,27.12533122279732,0.004867657223054912,0.0
2063-07-01,651,3,26.35499828920013,27.32074547787604,27.07074547787604,0.00488155954133525,0.25
2063-10-01,652,4,31.116368502504997,27.1468675999959,27.1468675999959,0.004895908371644555,0.0
2064-01-01,653,1,26.09180813060342,26.93973049391652,27.18973049391652,0.0049192179724232375,-0.25
2064-04-01,654,2,24.987450332263254,27.233957975199235,27.233957975199235,0.005928274811387359,0.0
2064-07-01,655,3,27.88933232990305,27.47276528870068,27.22276528870068,0.006390089452200363,0.25
2064-10-01,656,4,27.812038844258247,27.176923749639958,27.176923749639958,0.005798000595003945,0.0
2065-01-01,657,1,28.146630004217045,26.895766230034766,27.145766230034766,0.005964122265095814,-0.25
2065-04-01,658,2,30.772278907418524,27.03403795107727,27.03403795107727,0.006162831038752627,0.0
2065-07-01,659,3,27.462960622188692,27.265641036437927,27.015641036437927,0.006432382107122698,0.25
2065-10-01,660,4,27.023519783298354,27.013822065464588,27.013822065464588,0.007118404440971787,0.0
2066-01-01,661,1,27.18435374169319,26.774456280387433,27.024456280387433,0.006947762342024795,-0.25
2066-04-01,662,2,26.90844487440867,27.086934258141703,27.086934258141703,0.007315330429853851,0.0
2066-07-01,663,3,29.08439181041819,27.34510006141542,27.09510006141542,0.0077900164152847505,0.25
2066-10-01,664,4,30.64305680893896,27.14838702698551,27.14838702698551,0.008034131686917918,0.0
2067-01-01,665,1,24.83353782687138,26.99076677151473,27.24076677151473,0.008086523950962496,-0.25
2067-04-01,666,2,28.315625733399674,27.28619393385454,27.28619393385454,0.00809011593062323,0.0
2067-07-01,667,3,28.45269422485798,27.5205359607815,27.2705359607815,0.007650974595199418,0.25
2067-10-01,668,4,27.927873520488394,27.29119552902345,27.29119552902345,0.0067818543092771025,0.0
2068-01-01,669,1,28.869086439562388,27.0101690267024,27.2601690267024,0.006127529714063763,-0.25
2068-04-01,670,2,24.21727565282228,27.31476670101569,27.31476670101569,0.00542775020890367,0.0
2068-07-01,671,3,27.799157816254777,27.500370679961918,27.250370679961918,0.005613293733856208,0.25
2068-10-01,672,4,28.48925808609939,27.200720833649427,27.200720833649427,0.005635311701958766,0.0
2069-01-01,673,1,28.324539099484525,26.905218370865658,27.155218370865658,0.00608027655624612,-0.25
2069-04-01,674,2,28.870516379130393,27.165362790782535,27.165362790782535,0.0057686623733625726,0.0
2069-07-01,675,3,29.007024970349192,27.46479182707236,27.21479182707236,0.005851589345738319,0.25
2069-10-01,676,4,28.085174290306327,27.15519686814438,27.15519686814438,0.005712722736224292,0.0
2070-01-01,677,1,28.37704021481944,26.848270576946206,27.098270576946206,0.005573347076944134,-0.25
2070-04-01,678,2,29.04955039492856,27.02480788492163,27.02480788492163,0.004696457277932717,0.0
2070-07-01,679,3,29.3994055374637,27.317768656189642,27.067768656189642,0.004904488327598176,0.25
2070-10-01,680,4,26.14150866378123,27.119982846150876,27.119982846150876,0.004971654741089905,0.0
2071-01-01,681,1,26.32048219832643,26.895292359091975,27.145292359091975,0.0053192493203594714,-0.25
2071-04-01,682,2,28.714473661928974,27.124954110602488,27.124954110602488,0.005486314924450053,0.0
2071-07-01,683,3,29.87345202477419,27.38450494520786,27.13450494520786,0.005225274180480271,0.25
2071-10-01,684,4,28.305027469494433,27.146580285004415,27.146580285004415,0.004871930351185999,0.0
2072-01-01,685,1,25.91048188111872,26.929755996806318,27.179755996806318,0.004616419025206947,-0.25
2072-04-01,686,2,25.51044335965467,27.118493291694623,27.118493291694623,0.004190272038169534,0.0
2072-07-01,687,3,28.394439610932686,27.28213381232743,27.03213381232743,0.0035757504101918136,0.25
2072-10-01,688,4,26.68030902281521,27.06016309245733,27.06016309245733,0.002461924607232171,0.0
2073-01-01,689,1,25.568332142426954,26.776447997040705,27.026447997040705,0.002715723869003061,-0.25
2073-04-01,690,2,27.12842079574708,26.99264816765526,26.99264816765526,0.0032470923988997245,0.0
2073-07-01,691,3,25.94592021001972,27.320845297385493,27.070845297385493,0.0032003995876670284,0.25
2073-10-01,692,4,29.992823553321998,27.046167254178442,27.046167254178442,0.00232050032500685,0.0
2074-01-01,693,1,27.37247225673948,26.798838429723876,27.048838429723876,0.0022785173465987487,-0.25
2074-04-01,694,2,27.68943467986163,27.03405763144176,27.03405763144176,0.0025659396305275904,0.0
2074-07-01,695,3,28.17924385843197,27.21662276724543,26.96662276724543,0.002662448487391811,0.25
2074-10-01,696,4,27.523896662559427,26.925116587867844,26.925116587867844,0.0018507489072372722,0.0
2075-01-01,697,1,26.1090236569059,26.607916564756405,26.857916564756405,0.0021514217499948255,-0.25
2075-04-01,698,2,28.08366341088377,26.783919414740556,26.783919414740556,0.0018268597502044857,0.0
2075-07-01,699,3,29.319466689588037,27.051465461253432,26.801465461253432,0.001742074742883158,0.25
2075-10-01,700,4,28.133160445962123,26.85482011816014,26.85482011816014,0.001243803402440199,0.0
2076-01-01,701,1,28.692789795466943,26.66837578585251,26.91837578585251,0.0009947359427320468,-0.25
2076-04-01,702,2,26.10522805072051,26.940426086850668,26.940426086850668,0.0008900374748617504,0.0
2076-07-01,703,3,27.496855590848728,27.077829317615098,26.827829317615098,0.0008944940048783549,0.25
2076-10-01,704,4,28.037513330191214,26.81508059247475,26.81508059247475,0.0012140755517206824,0.0
2077-01-01,705,1,26.890948482316077,26.59299026450334,26.84299026450334,0.0014416996571506033,-0.25
2077-04-01,706,2,25.387792492237,26.78960832094371,26.78960832094371,0.0007298529682140028,0.0
2077-07-01,707,3,26.965564685675357,26.98145550133487,26.73145550133487,0.0009006687711511417,0.25
2077-10-01,708,4,25.088257513503464,26.690852579845444,26.690852579845444,0.0002523519107974824,0.0
2078-01-01,709,1,27.060810552774843,26.43396311014237,26.68396311014237,6.27689022204798e-05,-0.25
2078-04-01,710,2,26.83010604653002,26.729009983045277,26.729009983045277,0.0004555972529734719,0.0
2078-07-01,711,3,27.498536144973873,27.034235023395883,26.784235023395883,0.00109868747316928,0.25
2078-10-01,712,4,24.970058136892835,26.801928420299912,26.801928420299912,0.0009287077432744663,0.0
2079-01-01,713,1,27.501997136718362,26.536572209557065,26.786572209557065,0.0011708516404188916,-0.25
2079-04-01,714,2,27.163440277591487,26.817340732686343,26.817340732686343,0.0009505730579401806,0.0
2079-07-01,715,3,26.08908822395503,27.059536439898835,26.809536439898835,0.0011952551225342827,0.25
2079-10-01,716,4,29.002476530207215,26.830083143604256,26.830083143604256,0.0014912843177756782,0.0
2080-01-01,717,1,25.174426201252718,26.545738441886193,26.795738441886193,0.0005442671155157926,-0.25
2080-04-01,718,2,25.61041670460603,26.824686794408898,26.824686794408898,-8.564818736279522e-05,0.0
2080-07-01,719,3,28.065168438660116,27.06357333343116,26.81357333343116,-4.0788595366753175e-05,0.25
2080-10-01,720,4,28.55549035967982,26.799701194989638,26.799701194989638,1.1171696445404736e-05,0.0
2081-01-01,721,1,27.422936991140155,26.4950998479491,26.7450998479491,0.0009397378768956468,-0.25
2081-04-01,722,2,26.449840420012734,26.850875602730362,26.850875602730362,1.0014621071157315e-05,0.0
2081-07-01,723,3,27.92310777543695,27.064634872830467,26.814634872830467,0.0001480796407103541,0.25
2081-10-01,724,4,27.75913963326441,26.77150535469321,26.77150535469321,0.001001722664311816,0.0
2082-01-01,725,1,27.10006836669182,26.605228558348447,26.855228558348447,0.0006255402108917745,-0.25
2082-04-01,726,2,26.55547479115191,26.89052345760316,26.89052345760316,0.0011659793714344688,0.0
2082-07-01,727,3,25.25794194562079,27.084539957389737,26.834539957389737,0.0009233950465140695,0.25
2082-10-01,728,4,26.1337252497844,26.910542481119233,26.910542481119233,0.001571094949678816,0.0
2083-01-01,729,1,26.064985389583175,26.7000708995491,26.9500708995491,0.00210217772571773,-0.25
2083-04-01,730,2,25.567804987309472,26.85443294739588,26.85443294739588,0.001584231602245822,0.0
2083-07-01,731,3,30.247620062144463,27.12899968695555,26.87899968695555,0.0010883281182184701,0.25
2083-10-01,732,4,27.88920156037961,26.961221376461044,26.961221376461044,0.0011665558498011464,0.0
2084-01-01,733,1,28.641868731280518,26.693122206884134,26.943122206884134,0.0007894014335814825,-0.25
2084-04-01,734,2,27.87444046790265,27.042534180433616,27.042534180433616,0.0011991081966814593,0.0
2084-07-01,735,3,27.697012960187784,27.293636397729205,27.043636397729205,0.0019207078460197302,0.25
2084-10-01,736,4,27.128493853693843,27.012882566445978,27.012882566445978,0.002563328101446925,0.0
2085-01-01,737,1,27.812722544552088,26.716800159843128,26.966800159843128,0.0026326223719579382,-0.25
2085-04-01,738,2,28.54744144995786,26.89299261838456,26.89299261838456,0.002961579427265086,0.0
2085-07-01,739,3,26.11998132751381,27.213601036009326,26.963601036009326,0.003140169872812108,0.25
2085-10-01,740,4,27.992626534730856,26.954120924592374,26.954120924592374,0.002707548074967604,0.0
2086-01-01,741,1,27.962275774937684,26.741619804551572,26.991619804551572,0.0016170308034892578,-0.25
2086-04-01,742,2,30.291821134322827,27.008855752868683,27.008855752868683,0.002713241641883788,0.0
2086-07-01,743,3,27.78996501542812,27.274517101453164,27.024517101453164,0.0021337147394351642,0.25
2086-10-01,744,4,28.80681545817192,27.02082981653444,27.02082981653444,0.0017064022931992905,0.0
2087-01-01,745,1,24.09617954717038,26.80811725742492,27.05811725742492,0.0011486021194890195,-0.25
2087-04-01,746,2,27.5941313313922,27.05739489305226,27.05739489305226,0.0015790899376619855,0.0
2087-07-01,747,3,28.693072210989556,27.279462583388618,27.029462583388618,0.002319057825788411,0.25
2087-10-01,748,4,26.261126610029454,27.04604508354108,27.04604508354108,0.0024100600025463233,0.0
2088-01-01,749,1,26.653211537895643,26.77014989873112,27.02014989873112,0.001989749197934619,-0.25
2088-04-01,750,2,23.803931237088992,26.958696287580725,26.958696287580725,0.0023821752704606463,0.0
2088-07-01,751,3,26.585893921695263,27.20619040729117,26.95619040729117,0.0031685882233167496,0.25
2088-10-01,752,4,26.58249632847132,26.923838210026595,26.923838210026595,0.002685237266358249,0.0
2089-01-01,753,1,28.162564060376223,26.702527081926952,26.952527081926952,0.002772560972698191,-0.25
2089-04-01,754,2,26.245330388792446,26.93416680319437,26.93416680319437,0.0032232649516288317,0.0
2089-07-01,755,3,29.09272514604438,27.288242910899005,27.038242910899005,0.0025653515572599764,0.25
2089-10-01,756,4,26.644572816605553,26.99799186425244,26.99799186425244,0.0026949457619267103,0.0
2090-01-01,757,1,28.072965672143077,26.805862959743497,27.055862959743497,0.002252144026396048,-0.25
2090-04-01,758,2,24.62173800959482,27.02169755478418,27.02169755478418,0.0021283415346736597,0.0
2090-07-01,759,3,26.79852711661764,27.272485387140886,27.022485387140886,0.0011016480522846744,0.25
2090-10-01,760,4,26.146560009465432,26.95917671729328,26.95917671729328,0.0012507354431653844,0.0
2091-01-01,761,1,26.42215200951122,26.736065509532313,26.986065509532313,0.0013029175032263354,-0.25
2091-04-01,762,2,29.57021285999104,27.01577143698509,27.01577143698509,0.000870834842571389,0.0
2091-07-01,763,3,28.298428860171022,27.2895474925135,27.0395474925135,0.0004595042090572774,0.25
2091-10-01,764,4,28.663146591206246,26.95684919628037,26.95684919628037,0.00042562130245356496,0.0
2092-01-01,765,1,28.81447238771501,26.71966341969077,26.96966341969077,0.00023236809643026177,-0.25
2092-04-01,766,2,28.738051936325736,26.952688285861772,26.952688285861772,-7.578941707156629e-05,0.0
2092-07-01,767,3,28.360172611714162,27.139335731754358,26.889335731754358,0.0008469571440508684,0.25
2092-10-01,768,4,27.12005321639873,26.843903370771354,26.843903370771354,0.0006923489158821935,0.0
2093-01-01,769,1,26.77253706068511,26.605006885249885,26.855006885249885,0.000783968236372665,-0.25
2093-04-01,770,2,30.453693205165063,26.813589323000564,26.813589323000564,0.0007645438832211381,0.0
2093-07-01,771,3,27.718990319074365,27.001606189862056,26.751606189862056,0.001619413321469478,0.25
2093-10-01,772,4,28.535179033226232,26.71527556140878,26.71527556140878,0.002262085447561326,0.0
2094-01-01,773,1,28.091532028774395,26.48072134980056,26.73072134980056,0.002861456179888837,-0.25
2094-04-01,774,2,27.469315744296043,26.71736338122822,26.71736338122822,0.0034586104643275564,0.0
2094-07-01,775,3,29.73627047726278,26.9581041638268,26.7081041638268,0.003983580127327163,0.25
2094-10-01,776,4,28.32784042312502,26.701987821869466,26.701987821869466,0.0035536718788552316,0.0
2095-01-01,777,1,29.250134191264724,26.46056618213177,26.71056618213177,0.003929921701836428,-0.25
2095-04-01,778,2,27.766004964963738,26.795618729399443,26.795618729399443,0.004413655485707535,0.0
2095-07-01,779,3,26.214709588726347,27.105277325866457,26.855277325866457,0.004742806678980058,0.25
2095-10-01,780,4,27.212972437846787,26.864138318220338,26.864138318220338,0.004626009541023756,0.0
2096-01-01,781,1,25.067242186863737,26.663346332153555,26.913346332153555,0.004417194470631809,-0.25
2096-04-01,782,2,27.570010658281934,26.92498148581106,26.92498148581106,0.004765433772000137,0.0
2096-07-01,783,3,28.54726501701065,27.180631967743164,26.930631967743164,0.004660747466156648,0.25
2096-10-01,784,4,28.36736153731456,26.82948405926315,26.82948405926315,0.004112265557573744,0.0
2097-01-01,785,1,26.528484252342587,26.545125723551994,26.795125723551994,0.003747887247581987,-0.25
2097-04-01,786,2,25.673198950822847,26.801208556577492,26.801208556577492,0.0038957620896067353,0.0
2097-07-01,787,3,26.95282159881338,27.036555469306986,26.786555469306986,0.004862991298594211,0.25
2097-10-01,788,4,25.005496331257085,26.835194561971186,26.835194561971186,0.0038333764324311945,0.0
2098-01-01,789,1,27.634608959789574,26.59425110952901,26.84425110952901,0.0031881555830340714,-0.25
2098-04-01,790,2,29.24994163372033,26.81078116191234,26.81078116191234,0.002937763033759213,0.0
2098-07-01,791,3,25.657373614059537,26.949647579014847,26.699647579014847,0.0037545498175454704,0.25
2098-10-01,792,4,26.718318741001728,26.732744826771114,26.732744826771114,0.003556609026431202,0.0
2099-01-01,793,1,29.05896657581426,26.54540396850562,26.79540396850562,0.004546890269910028,-0.25
2099-04-01,794,2,29.025365068249208,26.838339871791426,26.838339871791426,0.003623143224538398,0.0
2099-07-01,795,3,29.34415383089032,27.075503359770522,26.825503359770522,0.0033445846248373857,0.25
2099-10-01,796,4,27.897551948986766,26.877714792573606,26.877714792573606,0.002310185326861561,0.0
2100-01-01,797,1,27.81295080276982,26.622307359991463,26.872307359991463,0.002755399762385692,-0.25
2100-04-01,798,2,26.86327149708969,26.81812763807077,26.81812763807077,0.0026688597249158643,0.0
2100-07-01,799,3,28.34314309650269,27.139275361760884,26.889275361760884,0.0027850229419401065,0.25
2100-10-01,800,4,25.64858624314533,26.773791890950932,26.773791890950932,0.002781943834053775,0.0
2101-01-01,801,1,27.509082207017777,26.508171866472285,26.758171866472285,0.0033558266324091807,-0.25
2101-04-01,802,2,26.06693379646571,26.796786824641842,26.796786824641842,0.003716370891740308,0.0
2101-07-01,803,3,27.43988504334467,27.012347775952524,26.762347775952524,0.004180413285627493,0.25
2101-10-01,804,4,28.338710481472773,26.75717606618091,26.75717606618091,0.0040960179318620515,0.0
2102-01-01,805,1,23.47866350014093,26.549146906470245,26.799146906470245,0.004178101292113036,-0.25
2102-04-01,806,2,27.39835251410193,26.781228090596546,26.781228090596546,0.004719092736704544,0.0
2102-07-01,807,3,28.66716539061657,27.08998869799342,26.83998869799342,0.005071786817804034,0.25
2102-10-01,808,4,26.154699643561354,26.913246659024125,26.913246659024125,0.004685595002926802,0.0
2103-01-01,809,1,26.828342424836123,26.713264532056687,26.963264532056687,0.004679434955088052,-0.25
2103-04-01,810,2,27.615939053118296,27.012729367171463,27.012729367171463,0.004838252396813314,0.0
2103-07-01,811,3,30.10810814061123,27.256130918125535,27.006130918125535,0.004525740501781608,0.25
2103-10-01,812,4,30.717667007264975,27.032662000436346,27.032662000436346,0.004748025241859218,0.0
2104-01-01,813,1,27.801379970659976,26.76320326927883,27.01320326927883,0.004134241269061253,-0.25
2104-04-01,814,2,30.922581688215786,27.003200752804773,27.003200752804773,0.0041424102015313715,0.0
2104-07-01,815,3,26.40530113338782,27.34299583570551,27.09299583570551,0.004574775908570257,0.25
2104-10-01,816,4,28.805820470577835,27.01673317193481,27.01673317193481,0.004933284809163831,0.0
2105-01-01,817,1,28.809265339621884,26.81393235246002,27.06393235246002,0.004862916002915672,-0.25
2105-04-01,818,2,24.52773417650247,27.061040087489616,27.061040087489616,0.004903481470353721,0.0
2105-07-01,819,3,26.70198237415184,27.352571590864123,27.102571590864123,0.004568693161655111,0.25
2105-10-01,820,4,28.332836926231398,27.0679370500291,27.0679370500291,0.0061999546992525,0.0
2106-01-01,821,1,26.709054510330485,26.711130410494853,26.961130410494853,0.006931847199941964,-0.25
2106-04-01,822,2,28.545526361334367,27.05054161014943,27.05054161014943,0.007552271905544193,0.0
2106-07-01,823,3,26.596555150049987,27.31622579908743,27.06622579908743,0.008175287330015081,0.25
2106-10-01,824,4,27.449754245368094,27.158210814454772,27.158210814454772,0.007746958729275803,0.0
2107-01-01,825,1,27.34077114189165,26.960810043467763,27.210810043467763,0.008018561435590581,-0.25
2107-04-01,826,2,28.951886255089985,27.267038749392558,27.267038749392558,0.00832789805925985,0.0
2107-07-01,827,3,29.011243057940945,27.508576685532827,27.258576685532827,0.007918973614875558,0.25
2107-10-01,828,4,26.230143593432093,27.252183119035518,27.252183119035518,0.00825897149820884,0.0
2108-01-01,829,1,27.19753830393328,26.984590684614613,27.234590684614613,0.008177576527727413,-0.25
2108-04-01,830,2,28.810731080857842,27.239560993197717,27.239560993197717,0.00842308041566474,0.0
2108-07-01,831,3,27.397006232553657,27.522292020091818,27.272292020091818,0.00896404278684661,0.25
2108-10-01,832,4,29.035486610850473,27.257419917029377,27.257419917029377,0.008622305037272028,0.0
2109-01-01,833,1,30.735855800207695,27.08149093239502,27.33149093239502,0.00875789256584895,-0.25
2109-04-01,834,2,28.4380891678711,27.43063096317457,27.43063096317457,0.00873913085922316,0.0
2109-07-01,835,3,28.073706279203186,27.718855220139037,27.468855220139037,0.009379426348444176,0.25
2109-10-01,836,4,29.243948085048604,27.453123225492824,27.453123225492824,0.01015994172688514,0.0
2110-01-01,837,1,27.414335945614376,27.16947344919919,27.41947344919919,0.010169722345580352,-0.25
2110-04-01,838,2,30.273231052525617,27.45466529134029,27.45466529134029,0.009834967334965142,0.0
2110-07-01,839,3,28.95094221257513,27.578479181389824,27.328479181389824,0.010378492520129044,0.25
2110-10-01,840,4,29.574997011652197,27.382132944574668,27.382132944574668,0.01071145318188549,0.0
2111-01-01,841,1,27.12468067275835,27.13948599626703,27.38948599626703,0.010826023827515461,-0.25
2111-04-01,842,2,29.7011288211759,27.447749446960607,27.447749446960607,0.011099786146631057,0.0
2111-07-01,843,3,26.774720966148458,27.711603921194346,27.461603921194346,0.011282128966409129,0.25
2111-10-01,844,4,28.876259170928932,27.429504441266147,27.429504441266147,0.011461513612665421,0.0
2112-01-01,845,1,28.552095485272808,27.20777504130668,27.45777504130668,0.01235820419739482,-0.25
2112-04-01,846,2,29.110327596990164,27.383518163602236,27.383518163602236,0.012657605758198133,0.0
2112-07-01,847,3,31.401350450832844,27.583015641188563,27.333015641188563,0.013917135107491749,0.25
2112-10-01,848,4,25.736128313378906,27.36471916429671,27.36471916429671,0.013188347979388598,0.0
2113-01-01,849,1,26.754044188058195,27.152722865069588,27.402722865069588,0.01291373884609747,-0.25
2113-04-01,850,2,25.65125635922177,27.35911090151606,27.35911090151606,0.01211900308632297,0.0
2113-07-01,851,3,25.76802140353805,27.703187233451043,27.453187233451043,0.012418916953584892,0.25
2113-10-01,852,4,26.87583902222671,27.49979834771184,27.49979834771184,0.011939865422526789,0.0
2114-01-01,853,1,26.52318032008522,27.313639815095446,27.563639815095446,0.01175388058733012,-0.25
2114-04-01,854,2,29.197679947733143,27.56220061868758,27.56220061868758,0.011839116300848052,0.0
2114-07-01,855,3,26.28546448074887,27.888063329365554,27.638063329365554,0.012006102288889337,0.25
2114-10-01,856,4,27.61053532451314,27.604517713778524,27.604517713778524,0.01130632475634697,0.0
2115-01-01,857,1,28.754126737641364,27.252452532993452,27.502452532993452,0.011229999406806829,-0.25
2115-04-01,858,2,26.05711186912599,27.469724863817433,27.469724863817433,0.011609487796411208,0.0
2115-07-01,859,3,25.618127147082156,27.79387792861651,27.54387792861651,0.012050666335465296,0.25
2115-10-01,860,4,30.722860529083004,27.527354829268496,27.527354829268496,0.012579830636418442,0.0
2116-01-01,861,1,25.887468323840796,27.346500166840215,27.596500166840215,0.012395671670760033,-0.25
2116-04-01,862,2,26.91790236480171,27.591064859834553,27.591064859834553,0.011563802462303603,0.0
2116-07-01,863,3,28.63943314182983,27.787669075321677,27.537669075321677,0.011942516910634656,0.25
2116-10-01,864,4,26.734627639135606,27.492717808359526,27.492717808359526,0.01174420859427698,0.0
2117-01-01,865,1,25.200047093414703,27.166491540127556,27.416491540127556,0.01086345849006882,-0.25
2117-04-01,866,2,26.502513324107998,27.392475459451934,27.392475459451934,0.011411784301452853,0.0
2117-07-01,867,3,27.386759661574967,27.676043963986732,27.426043963986732,0.01197073733898391,0.25
2117-10-01,868,4,27.349101956265105,27.43306688981933,27.43306688981933,0.010909755035113024,0.0
2118-01-01,869,1,29.04974420966036,27.201961645921337,27.451961645921337,0.010862732617197455,-0.25
2118-04-01,870,2,26.774225710165567,27.50886140512749,27.50886140512749,0.011808760569054689,0.0
2118-07-01,871,3,29.166431299218598,27.827430020149958,27.577430020149958,0.01148904218450444,0.25
2118-10-01,872,4,29.007449356122248,27.574044777563017,27.574044777563017,0.011248292322014478,0.0
2119-01-01,873,1,26.052035855106165,27.326486492301104,27.576486492301104,0.01057601356111485,-0.25
2119-04-01,874,2,30.317252945826084,27.64988678509204,27.64988678509204,0.010344634085050455,0.0
2119-07-01,875,3,25.20662390297513,27.91543273552241,27.66543273552241,0.011058272948951476,0.25
2119-10-01,876,4,28.134305266377066,27.677278749941433,27.677278749941433,0.010657059494084735,0.0
2120-01-01,877,1,31.12477398910205,27.393661436406024,27.643661436406024,0.011320970893218155,-0.25
2120-04-01,878,2,27.419423874230535,27.745271624077482,27.745271624077482,0.011035286320257845,0.0
2120-07-01,879,3,29.85314704100734,28.059969926580383,27.809969926580383,0.011730191819001645,0.25
2120-10-01,880,4,27.452348461538033,27.79074722242832,27.79074722242832,0.011820919535347607,0.0
2121-01-01,881,1,28.087411257286714,27.517262472701347,27.767262472701347,0.012326725694241888,-0.25
2121-04-01,882,2,30.65466190987635,27.875631794421498,27.875631794421498,0.012616185201487246,0.0
2121-07-01,883,3,27.627889076729634,28.072156776192482,27.822156776192482,0.012378553530962068,0.25
2121-10-01,884,4,27.618634699715624,27.8916188415367,27.8916188415367,0.012226653709683413,0.0
2122-01-01,885,1,29.873793417615612,27.611106490888503,27.861106490888503,0.01166750782507434,-0.25
2122-04-01,886,2,27.495410891044823,27.86827497004384,27.86827497004384,0.011382803816734573,0.0
2122-07-01,887,3,28.72352552646379,28.156771005866606,27.906771005866606,0.01167889371427979,0.25
2122-10-01,888,4,28.083446939909997,27.908988990328314,27.908988990328314,0.012299141238996794,0.0
2123-01-01,889,1,30.197400110073367,27.677050805975053,27.927050805975053,0.012730612908802107,-0.25
2123-04-01,890,2,27.678415267849417,27.988686621224485,27.988686621224485,0.01301256178743387,0.0
2123-07-01,891,3,28.8350170627064,28.2674570163306,28.0174570163306,0.013220729611506226,0.25
2123-10-01,892,4,27.118392032018512,27.99904545446175,27.99904545446175,0.014533148810333713,0.0
2124-01-01,893,1,27.973870773323696,27.737669163569198,27.987669163569198,0.015252045994919089,-0.25
2124-04-01,894,2,28.899250068125507,28.032612059047327,28.032612059047327,0.015401587440613613,0.0
2124-07-01,895,3,28.502560795721934,28.3168399096691,28.0668399096691,0.015423856259545305,0.25
2124-10-01,896,4,27.778325261842845,28.111335686636316,28.111335686636316,0.01575234374173162,0.0
2125-01-01,897,1,29.068046598772256,27.89503634249753,28.14503634249753,0.015360551254589289,-0.25
2125-04-01,898,2,29.604547165463845,28.180865644191304,28.180865644191304,0.015555461793806895,0.0
2125-07-01,899,3,29.435746851487625,28.489976869951896,28.239976869951896,0.015802898613234796,0.25
2125-10-01,900,4,28.886890895448815,28.291751886495675,28.291751886495675,0.015662431096751944,0.0
2126-01-01,901,1,31.429833315822442,28.013313551370562,28.263313551370562,0.01591287636793358,-0.25
2126-04-01,902,2,26.25678992861641,28.299977714894556,28.299977714894556,0.015274706704388063,0.0
2126-07-01,903,3,26.64358611678515,28.606572086852243,28.356572086852243,0.0153066719900269,0.25
2126-10-01,904,4,27.708403784487324,28.47876426731302,28.47876426731302,0.015685285717211332,0.0
2127-01-01,905,1,28.121551364594094,28.272539706049436,28.522539706049436,0.01586820673123753,-0.25
2127-04-01,906,2,31.172540535914074,28.545648955187886,28.545648955187886,0.016226224920646817,0.0
2127-07-01,907,3,28.662333029940324,28.906146694103086,28.656146694103086,0.015656670734467044,0.25
2127-10-01,908,4,31.463939067183993,28.614275247669745,28.614275247669745,0.01603503955120784,0.0
2128-01-01,909,1,26.005682241839,28.381938185092114,28.631938185092114,0.016585423466326563,-0.25
2128-04-01,910,2,30.84675873690998,28.61133564601463,28.61133564601463,0.016315142337072697,0.0
2128-07-01,911,3,29.793304309282547,28.847109123866296,28.597109123866296,0.016483929399699664,0.25
2128-10-01,912,4,31.620971181869365,28.659284645129254,28.659284645129254,0.016595129548105568,0.0
2129-01-01,913,1,30.687223094500713,28.410415966113035,28.660415966113035,0.016209783303467885,-0.25
2129-04-01,914,2,28.41041254101685,28.672090414597857,28.672090414597857,0.01583288189423918,0.0
2129-07-01,915,3,29.251993629692777,28.93081003546864,28.68081003546864,0.015334617238619867,0.25
2129-10-01,916,4,27.255393131937375,28.7221127964641,28.7221127964641,0.015205538160114157,0.0
2130-01-01,917,1,26.454632823578134,28.47558942507353,28.72558942507353,0.015426320642845114,-0.25
2130-04-01,918,2,29.597093155726792,28.746478484296382,28.746478484296382,0.015769611787343183,0.0
2130-07-01,919,3,29.094405342188782,29.027436449440334,28.777436449440334,0.016103620818114932,0.25
2130-10-01,920,4,28.793314636193944,28.85072019866083,28.85072019866083,0.016241631156233463,0.0
2131-01-01,921,1,29.650304839353346,28.589326491073244,28.839326491073244,0.015412955724823155,-0.25
2131-04-01,922,2,30.737332777433252,28.822187328923203,28.822187328923203,0.015217700580813499,0.0
2131-07-01,923,3,29.65803523988096,29.1157168443096,28.8657168443096,0.014727232177712645,0.25
2131-10-01,924,4,26.85382043692482,28.865164824672515,28.865164824672515,0.014823733232533661,0.0
2132-01-01,925,1,29.415406988755183,28.62906721070348,28.87906721070348,0.015097759745659746,-0.25
2132-04-01,926,2,31.67916957900517,28.929148553811103,28.929148553811103,0.014179376521974603,0.0
2132-07-01,927,3,27.932149228541594,29.10879017447281,28.85879017447281,0.01424999973188076,0.25
2132-10-01,928,4,30.612984273501947,28.84305878325427,28.84305878325427,0.014453839327673933,0.0
2133-01-01,929,1,32.357638649457634,28.711763928300122,28.961763928300122,0.013721045496595273,-0.25
2133-04-01,930,2,29.374491694482074,29.02923055446768,29.02923055446768,0.013944601684662584,0.0
2133-07-01,931,3,29.9496571747294,29.32050586129772,29.07050586129772,0.013840797352315517,0.25
2133-10-01,932,4,30.419419313744562,29.09849572407106,29.09849572407106,0.012577506872662477,0.0
2134-01-01,933,1,28.1353747414169,28.852348087900566,29.102348087900566,0.012674063429935763,-0.25
2134-04-01,934,2,28.937415150932424,29.069539716580287,29.069539716580287,0.012541571509325172,0.0
2134-07-01,935,3,27.476030652933094,29.259860180864152,29.009860180864152,0.012499587654881223,0.25
2134-10-01,936,4,28.557919013004515,29.005217556775072,29.005217556775072,0.01233110324790886,0.0
2135-01-01,937,1,30.352311974777205,28.750362324345286,29.000362324345286,0.01230757962274288,-0.25
2135-04-01,938,2,30.727664377717858,28.93426438639585,28.93426438639585,0.012216517712697862,0.0
2135-07-01,939,3,27.785925948061656,29.152398810759475,28.902398810759475,0.012606991329265542,0.25
2135-10-01,940,4,30.888648534449853,28.920086503910547,28.920086503910547,0.012321705518119279,0.0
2136-01-01,941,1,29.88473665960652,28.655053333418127,28.905053333418127,0.011689030110187118,-0.25
2136-04-01,942,2,28.858594647543363,28.875271002827134,28.875271002827134,0.010964360452755844,0.0
2136-07-01,943,3,26.82613902293991,29.211647216134082,28.961647216134082,0.010578879578431058,0.25
2136-10-01,944,4,29.429368794055364,29.065769246437274,29.065769246437274,0.010749632691389998,0.0
2137-01-01,945,1,30.121811774817367,28.800698947022553,29.050698947022553,0.009751951434980624,-0.25
2137-04-01,946,2,29.426090430102285,29.06548274286695,29.06548274286695,0.008317127994109216,0.0
2137-07-01,947,3,29.75440248311336,29.37369417187376,29.12369417187376,0.007580739476578074,0.25
2137-10-01,948,4,27.87552240428752,29.12099914544759,29.12099914544759,0.007674869695175186,0.0
2138-01-01,949,1,30.622054413585406,28.904883488474336,29.154883488474336,0.00731383743485735,-0.25
2138-04-01,950,2,29.71179683273477,29.222454857552094,29.222454857552094,0.007027859129886554,0.0
2138-07-01,951,3,31.56242936186552,29.514547084514863,29.264547084514863,0.0069899230517137725,0.25
2138-10-01,952,4,32.22575428480796,29.294684049624358,29.294684049624358,0.006502373749819303,0.0
2139-01-01,953,1,27.919292067989254,29.132530548461478,29.382530548461478,0.005998796540878101,-0.25
2139-04-01,954,2,29.755376024868575,29.339751641005137,29.339751641005137,0.006570567703933766,0.0
2139-07-01,955,3,30.76293174703766,29.601892564391523,29.351892564391523,0.005554428647185042,0.25
2139-10-01,956,4,31.830701193076457,29.391419782798657,29.391419782798657,0.006223982758274745,0.0
2140-01-01,957,1,27.140678037452286,29.21090881582901,29.46090881582901,0.005631322685054205,-0.25
2140-04-01,958,2,28.269618446748467,29.42350423388018,29.42350423388018,0.005768651026774507,0.0
2140-07-01,959,3,29.38114473255909,29.650854887461602,29.400854887461602,0.005445711428462535,0.25
2140-10-01,960,4,31.48130600383305,29.395647607947275,29.395647607947275,0.00452716710027737,0.0
2141-01-01,961,1,28.823407053335526,29.13015212014077,29.38015212014077,0.004996485179917252,-0.25
2141-04-01,962,2,31.288475950703805,29.420820456871255,29.420820456871255,0.00474266177282044,0.0
2141-07-01,963,3,32.28312413947283,29.766228994535812,29.516228994535812,0.004987901616292101,0.25
2141-10-01,964,4,31.678088023724975,29.539945538984835,29.539945538984835,0.005574159288143714,0.0
2142-01-01,965,1,26.731459012846567,29.278332121836883,29.528332121836883,0.006123590996938867,-0.25
2142-04-01,966,2,30.027068500790296,29.580035322678963,29.580035322678963,0.005965715281686209,0.0
2142-07-01,967,3,30.895213832634923,29.76898356455785,29.51898356455785,0.007001408312419813,0.25
2142-10-01,968,4,29.940610987791615,29.48015467820152,29.48015467820152,0.007573758401394297,0.0
2143-01-01,969,1,30.484471193692226,29.22804997051553,29.47804997051553,0.007043789901412519,-0.25
2143-04-01,970,2,32.21856501598303,29.514678925790065,29.514678925790065,0.007041645054585554,0.0
2143-07-01,971,3,30.846728639290326,29.809653951067112,29.559653951067112,0.006882163970454069,0.25
2143-10-01,972,4,30.34666234138644,29.524092287895925,29.524092287895925,0.00695146802460207,0.0
2144-01-01,973,1,30.26795703011204,29.33916818615221,29.58916818615221,0.006739308903996291,-0.25
2144-04-01,974,2,30.720927686431104,29.688162511294614,29.688162511294614,0.005807326988923626,0.0
2144-07-01,975,3,29.42592298268293,30.00074809229533,29.75074809229533,0.005589302850382735,0.25
2144-10-01,976,4,30.875153364017834,29.789907129633885,29.789907129633885,0.0064379444707542855,0.0
2145-01-01,977,1,31.3471138607551,29.538921301295712,29.788921301295712,0.005417520484091079,-0.25
2145-04-01,978,2,27.255619272901754,29.753136166646968,29.753136166646968,0.005114746609249494,0.0
2145-07-01,979,3,30.956654571619005,29.979584704246317,29.729584704246317,0.005642546987687554,0.25
2145-10-01,980,4,31.222182082725954,29.8044441388213,29.8044441388213,0.005718114518943679,0.0
2146-01-01,981,1,30.9169386470451,29.571802508852016,29.821802508852016,0.005574947215429596,-0.25
2146-04-01,982,2,30.743087719743205,29.77148112437435,29.77148112437435,0.006048587433361527,0.0
2146-07-01,983,3,31.423022369460583,30.075460148130997,29.825460148130997,0.0059248632336453165,0.25
2146-10-01,984,4,27.430241891694465,29.829236481245612,29.829236481245612,0.006770258708201825,0.0
2147-01-01,985,1,31.692013563174477,29.570426949814934,29.820426949814934,0.006989916851559811,-0.25
2147-04-01,986,2,28.69840801188672,29.86394485285155,29.86394485285155,0.007229187644104585,0.0
2147-07-01,987,3,28.849457465995112,30.054637536859833,29.804637536859833,0.007445155405235411,0.25
2147-10-01,988,4,30.039269466781946,29.74050342066779,29.74050342066779,0.007292002689911551,0.0
2148-01-01,989,1,28.663348453215793,29.440708270357703,29.690708270357703,0.0073834869002324536,-0.25
2148-04-01,990,2,27.888592224457938,29.744987070662802,29.744987070662802,0.007568382942969609,0.0
2148-07-01,991,3,30.434251822478327,29.95793273420396,29.70793273420396,0.00866339632273859,0.25
2148-10-01,992,4,31.4370250004127,29.707806930355396,29.707806930355396,0.008871261618032795,0.0
2149-01-01,993,1,32.714909041935925,29.485509927855283,29.735509927855283,0.009380933664751392,-0.25
2149-04-01,994,2,29.506643395780625,29.613687060488637,29.613687060488637,0.008886557229541183,0.0
2149-07-01,995,3,30.286048888098875,29.83816121618995,29.58816121618995,0.008594724028977346,0.25
2149-10-01,996,4,25.817655422006588,29.51653320787176,29.51653320787176,0.008145476093279471,0.0
2150-01-01,997,1,29.43736631335159,29.23489951611956,29.48489951611956,0.008097526287107654,-0.25
2150-04-01,998,2,30.968364012274165,29.541215146917473,29.541215146917473,0.007103286338376362,0.0
2150-07-01,999,3,30.91129436610796,29.825598116870896,29.575598116870896,0.007471088157654294,0.25
2150-10-01,1000,4,28.883371284069607,29.653699697040288,29.653699697040288,0.006472432405813904,0.0
