date,Prec
1892-01-09,17.09
1892-02-14,9.71
1892-03-28,15.15
1892-04-20,9.13
1892-05-01,4.37
1892-06-22,11.65
1892-07-19,11.36
1892-08-07,19.04
1892-09-08,30.59
1892-10-22,8.64
1892-11-01,9.13
1892-12-03,15.54
1893-01-22,14.37
1893-02-22,13.4
1893-03-18,3.69
1893-04-12,0.29
1893-05-21,4.86
1893-06-28,8.06
1893-07-12,25.25
1893-08-27,7.38
1893-09-16,12.14
1893-10-17,19.42
1893-11-19,20.88
1893-12-20,13.4
1894-01-17,17.77
1894-02-05,9.61
1894-03-05,6.22
1894-04-18,9.13
1894-05-12,11.75
1894-06-18,17.09
1894-07-23,22.05
1894-08-26,13.4
1894-09-02,20.49
1894-10-30,35.84
1894-11-14,15.05
1894-12-30,11.46
1895-01-25,12.72
1895-02-27,2.91
1895-03-27,14.86
1895-04-17,17.29
1895-05-18,16.22
1895-06-10,61.87
1895-07-20,13.4
1895-08-10,20.98
1895-09-07,0.78
1895-10-06,20.3
1895-11-22,17.19
1895-12-12,16.32
1896-01-14,7.48
1896-02-29,4.18
1896-03-01,10.39
1896-04-12,14.86
1896-05-20,6.02
1896-06-15,32.92
1896-07-15,26.81
1896-08-24,22.24
1896-09-18,20.88
1896-10-21,21.27
1896-11-08,23.5
1896-12-13,14.37
1897-01-08,6.31
1897-02-02,21.27
1897-03-14,11.65
1897-04-01,12.14
1897-05-12,10.0
1897-06-02,26.22
1897-07-21,11.36
1897-08-08,18.26
1897-09-18,29.72
1897-10-03,8.45
1897-11-27,11.75
1897-12-10,15.44
1898-01-21,5.44
1898-02-27,17.09
1898-03-26,12.53
1898-04-12,18.94
1898-05-05,14.08
1898-06-06,19.81
1898-07-28,6.22
1898-08-08,37.2
1898-09-27,4.66
1898-10-15,10.29
1898-11-21,16.12
1898-12-09,7.67
1899-01-02,17.58
1899-02-12,6.41
1899-03-31,8.74
1899-04-07,12.82
1899-05-25,18.84
1899-06-21,15.83
1899-07-04,27.19
1899-08-06,10.49
1899-09-06,31.37
1899-10-01,15.05
1899-11-08,8.45
1899-12-06,17.77
1900-01-21,10.1
1900-02-13,10.78
1900-03-16,4.37
1900-04-04,10.39
1900-05-24,23.21
1900-06-19,12.72
1900-07-29,17.29
1900-08-20,11.17
1900-09-23,12.63
1900-10-29,20.49
1900-11-01,7.19
1900-12-06,51.67
1901-01-27,13.2
1901-02-05,17.5
1901-03-31,19.8
1901-04-03,15.6
1901-05-07,4.2
1901-06-30,13.1
1901-07-23,23.7
1901-08-06,18.5
1901-09-14,24.0
1901-10-06,28.6
1901-11-18,6.4
1901-12-08,23.9
1902-01-24,8.6
1902-02-06,14.6
1902-03-24,7.4
1902-04-15,11.3
1902-05-16,13.5
1902-06-06,11.7
1902-07-20,15.7
1902-08-26,19.6
1902-09-10,28.2
1902-10-20,29.8
1902-11-30,12.3
1902-12-17,19.3
1903-01-04,24.9
1903-02-27,7.2
1903-03-02,16.1
1903-04-24,36.6
1903-05-17,12.5
1903-06-14,18.3
1903-07-28,41.6
1903-08-14,8.2
1903-09-06,16.3
1903-10-12,30.4
1903-11-27,18.5
1903-12-05,12.9
1904-01-08,22.3
1904-02-09,12.1
1904-03-29,22.7
1904-04-06,4.5
1904-05-02,9.4
1904-06-09,9.9
1904-07-26,15.3
1904-08-22,20.8
1904-09-13,29.0
1904-10-08,14.1
1904-11-09,20.3
1904-12-07,19.5
1905-01-05,7.7
1905-02-19,4.6
1905-03-30,15.3
1905-04-14,13.4
1905-05-07,21.9
1905-06-07,28.5
1905-07-04,39.8
1905-08-29,28.5
1905-09-19,32.5
1905-10-22,16.9
1905-11-05,19.3
1905-12-29,10.7
1906-01-05,18.5
1906-02-26,11.7
1906-03-18,15.3
1906-04-18,10.7
1906-05-20,25.0
1906-06-24,6.7
1906-07-11,24.8
1906-08-18,9.9
1906-09-16,23.0
1906-10-02,17.3
1906-11-30,15.2
1906-12-24,7.4
1907-01-30,14.6
1907-02-19,19.8
1907-03-09,9.2
1907-04-11,9.9
1907-05-03,18.5
1907-06-28,11.2
1907-07-04,14.9
1907-08-05,11.3
1907-09-05,5.9
1907-10-03,12.6
1907-11-25,11.4
1907-12-13,12.3
1908-01-08,8.6
1908-02-24,12.3
1908-03-06,7.9
1908-04-28,10.1
1908-05-21,30.4
1908-06-04,16.8
1908-07-16,17.7
1908-08-23,30.6
1908-09-01,11.4
1908-10-10,5.8
1908-11-14,16.8
1908-12-10,12.7
1909-01-07,6.3
1909-02-05,5.5
1909-03-19,10.8
1909-04-24,15.4
1909-05-01,8.6
1909-06-03,12.0
1909-07-08,21.6
1909-08-21,20.5
1909-09-04,18.5
1909-10-27,10.0
1909-11-29,12.6
1909-12-22,30.1
1910-01-24,9.8
1910-02-25,16.3
1910-03-10,12.0
1910-04-15,9.6
1910-05-20,16.4
1910-06-04,11.4
1910-07-18,26.5
1910-08-05,13.4
1910-09-04,15.9
1910-10-31,16.9
1910-11-01,14.7
1910-12-02,17.1
1911-01-09,12.6
1911-02-18,6.9
1911-03-13,20.1
1911-04-26,10.1
1911-05-16,10.5
1911-06-19,16.3
1911-07-03,4.5
1911-08-20,10.3
1911-09-30,40.7
1911-10-22,12.8
1911-11-11,19.5
1911-12-22,17.5
1912-01-06,20.4
1912-02-23,16.8
1912-03-21,14.6
1912-04-10,11.5
1912-05-20,8.4
1912-06-16,13.1
1912-07-25,31.1
1912-08-23,33.6
1912-09-08,15.1
1912-10-01,22.1
1912-11-30,21.6
1912-12-15,17.6
1913-01-11,15.2
1913-02-01,11.5
1913-03-07,21.0
1913-04-11,15.7
1913-05-30,34.1
1913-06-01,12.2
1913-07-22,27.5
1913-08-31,7.4
1913-09-17,16.1
1913-10-14,8.5
1913-11-13,18.3
1913-12-05,9.1
1914-01-09,25.0
1914-02-13,10.8
1914-03-05,18.2
1914-04-05,11.2
1914-05-31,15.2
1914-06-07,16.9
1914-07-28,32.5
1914-08-05,19.1
1914-09-19,25.0
1914-10-25,9.8
1914-11-11,14.4
1914-12-29,17.9
1915-01-07,20.1
1915-02-23,14.5
1915-03-25,8.1
1915-04-05,16.0
1915-05-04,11.4
1915-06-10,26.5
1915-07-17,13.2
1915-08-10,17.8
1915-09-28,11.7
1915-10-25,9.5
1915-11-01,14.2
1915-12-09,19.0
1916-01-07,9.1
1916-02-18,12.2
1916-03-07,12.6
1916-04-18,22.2
1916-05-02,11.4
1916-06-26,16.3
1916-07-04,40.6
1916-08-29,20.9
1916-09-18,26.5
1916-10-17,12.7
1916-11-07,17.1
1916-12-29,33.2
1917-01-07,9.0
1917-02-17,8.2
1917-03-19,11.2
1917-04-06,16.2
1917-05-18,32.3
1917-06-08,26.2
1917-07-31,36.8
1917-08-11,14.2
1917-09-19,5.1
1917-10-23,14.8
1917-11-20,15.1
1917-12-03,6.6
1918-01-15,37.2
1918-02-07,8.5
1918-03-19,10.7
1918-04-06,11.8
1918-05-23,10.9
1918-06-20,7.2
1918-07-23,15.1
1918-08-23,28.0
1918-09-30,11.8
1918-10-15,18.6
1918-11-06,14.1
1918-12-12,21.6
1919-01-15,8.5
1919-02-22,8.6
1919-03-04,19.8
1919-04-29,16.1
1919-05-02,10.0
1919-06-26,9.4
1919-07-19,33.3
1919-08-26,9.4
1919-09-14,25.4
1919-10-15,26.6
1919-11-15,17.1
1919-12-03,18.2
1920-01-10,18.2
1920-02-10,12.5
1920-03-08,5.7
1920-04-27,22.6
1920-05-12,12.6
1920-06-20,9.2
1920-07-12,28.0
1920-08-18,13.1
1920-09-05,20.8
1920-10-18,6.7
1920-11-15,13.6
1920-12-04,17.2
1921-01-12,12.0
1921-02-16,3.3
1921-03-19,11.4
1921-04-14,7.5
1921-05-12,4.1
1921-06-04,5.1
1921-07-19,2.4
1921-08-10,6.0
1921-09-10,8.6
1921-10-22,10.2
1921-11-06,21.5
1921-12-28,9.2
1922-01-04,18.0
1922-02-02,13.6
1922-03-03,8.7
1922-04-03,29.2
1922-05-01,4.1
1922-06-09,40.7
1922-07-05,24.8
1922-08-08,33.6
1922-09-19,18.5
1922-10-01,13.4
1922-11-07,11.3
1922-12-18,7.8
1923-01-19,16.2
1923-02-02,17.5
1923-03-03,10.2
1923-04-22,8.9
1923-05-08,28.1
1923-06-03,9.8
1923-07-15,39.2
1923-08-26,11.7
1923-09-19,16.7
1923-10-10,24.7
1923-11-28,15.0
1923-12-08,14.2
1924-01-18,7.7
1924-02-24,8.4
1924-03-21,10.2
1924-04-30,16.6
1924-05-22,27.0
1924-06-02,21.3
1924-07-25,22.8
1924-08-07,33.3
1924-09-21,30.1
1924-10-31,22.3
1924-11-01,35.4
1924-12-27,24.4
1925-01-03,32.7
1925-02-26,10.7
1925-03-27,19.1
1925-04-30,19.5
1925-05-01,13.7
1925-06-24,10.4
1925-07-31,18.5
1925-08-19,32.4
1925-09-09,16.4
1925-10-26,20.2
1925-11-28,34.0
1925-12-30,18.0
1926-01-02,14.6
1926-02-17,23.3
1926-03-29,7.4
1926-04-18,8.6
1926-05-16,15.3
1926-06-13,12.5
1926-07-04,46.8
1926-08-07,28.2
1926-09-28,19.9
1926-10-31,26.1
1926-11-13,13.7
1926-12-17,11.3
1927-01-14,9.0
1927-02-01,13.5
1927-03-25,12.1
1927-04-14,12.7
1927-05-31,13.2
1927-06-25,8.4
1927-07-21,13.7
1927-08-20,19.1
1927-09-10,17.7
1927-10-22,10.5
1927-11-06,15.3
1927-12-23,21.8
1928-01-18,9.8
1928-02-10,8.7
1928-03-21,7.4
1928-04-29,25.5
1928-05-20,18.6
1928-06-26,14.3
1928-07-28,10.4
1928-08-29,20.1
1928-09-28,7.2
1928-10-18,20.2
1928-11-25,19.8
1928-12-27,13.0
1929-01-16,9.6
1929-02-24,7.2
1929-03-06,1.9
1929-04-10,21.5
1929-05-08,4.0
1929-06-12,21.1
1929-07-28,7.1
1929-08-01,15.5
1929-09-30,13.4
1929-10-03,28.5
1929-11-11,19.8
1929-12-15,11.1
1930-01-11,13.6
1930-02-04,10.5
1930-03-15,7.4
1930-04-16,13.6
1930-05-25,24.6
1930-06-15,22.7
1930-07-04,32.9
1930-08-13,18.8
1930-09-11,11.7
1930-10-25,21.1
1930-11-02,21.3
1930-12-13,8.3
1931-01-23,11.4
1931-02-28,17.1
1931-03-23,16.4
1931-04-26,17.8
1931-05-26,26.5
1931-06-05,15.1
1931-07-07,23.0
1931-08-31,17.8
1931-09-05,20.2
1931-10-29,18.9
1931-11-05,9.9
1931-12-10,13.1
1932-01-06,10.1
1932-02-23,4.1
1932-03-30,11.8
1932-04-29,13.5
1932-05-09,12.3
1932-06-03,8.9
1932-07-05,17.6
1932-08-26,19.8
1932-09-23,33.9
1932-10-20,25.5
1932-11-24,7.0
1932-12-03,10.3
1933-01-08,6.5
1933-02-01,11.8
1933-03-19,14.6
1933-04-25,5.3
1933-05-25,37.9
1933-06-12,30.1
1933-07-08,18.5
1933-08-16,10.8
1933-09-13,30.5
1933-10-26,33.3
1933-11-11,10.8
1933-12-27,3.4
1934-01-18,7.9
1934-02-28,4.4
1934-03-06,13.1
1934-04-17,18.0
1934-05-03,15.5
1934-06-27,18.6
1934-07-24,10.0
1934-08-13,11.8
1934-09-19,11.2
1934-10-31,23.2
1934-11-05,21.3
1934-12-02,14.0
1935-01-05,11.2
1935-02-10,9.2
1935-03-23,10.4
1935-04-09,16.9
1935-05-14,8.5
1935-06-14,21.1
1935-07-20,4.0
1935-08-12,33.4
1935-09-05,25.0
1935-10-27,26.4
1935-11-30,24.2
1935-12-08,12.7
1936-01-18,15.4
1936-02-01,10.5
1936-03-29,3.7
1936-04-20,12.1
1936-05-21,8.6
1936-06-21,17.8
1936-07-14,15.4
1936-08-20,3.3
1936-09-25,11.0
1936-10-19,20.4
1936-11-17,11.5
1936-12-06,10.0
1937-01-06,18.5
1937-02-05,15.9
1937-03-22,11.4
1937-04-20,22.3
1937-05-30,13.5
1937-06-11,13.4
1937-07-16,27.1
1937-08-21,18.0
1937-09-18,9.6
1937-10-04,3.3
1937-11-10,8.0
1937-12-05,15.7
1938-01-13,33.9
1938-02-12,12.3
1938-03-25,16.4
1938-04-02,5.4
1938-05-17,10.7
1938-06-08,23.9
1938-07-05,9.1
1938-08-29,14.6
1938-09-05,11.2
1938-10-03,16.7
1938-11-21,23.1
1938-12-29,10.7
1939-01-01,16.0
1939-02-25,7.8
1939-03-22,14.0
1939-04-14,11.0
1939-05-16,27.8
1939-06-30,12.2
1939-07-30,14.9
1939-08-23,14.2
1939-09-14,14.4
1939-10-19,19.0
1939-11-26,26.6
1939-12-08,7.8
1940-01-26,8.7
1940-02-17,8.7
1940-03-17,19.7
1940-04-04,14.5
1940-05-28,15.1
1940-06-12,18.5
1940-07-06,24.8
1940-08-20,13.6
1940-09-13,16.1
1940-10-06,9.5
1940-11-03,60.1
1940-12-30,13.3
1941-01-20,17.5
1941-02-28,9.6
1941-03-25,22.8
1941-04-19,3.5
1941-05-01,15.7
1941-06-05,11.3
1941-07-15,19.7
1941-08-09,15.3
1941-09-14,9.4
1941-10-28,24.1
1941-11-06,8.1
1941-12-06,18.3
1942-01-23,17.1
1942-02-03,10.9
1942-03-31,14.9
1942-04-02,6.9
1942-05-20,13.6
1942-06-12,14.9
1942-07-10,72.4
1942-08-31,9.6
1942-09-23,16.4
1942-10-30,13.5
1942-11-05,11.8
1942-12-01,16.7
1943-01-01,16.6
1943-02-15,7.2
1943-03-31,5.5
1943-04-07,9.6
1943-05-06,14.2
1943-06-16,9.1
1943-07-21,50.8
1943-08-06,20.5
1943-09-28,14.1
1943-10-22,6.2
1943-11-06,21.7
1943-12-19,17.6
1944-01-09,18.3
1944-02-08,11.2
1944-03-03,5.9
1944-04-03,9.1
1944-05-31,5.0
1944-06-17,9.9
1944-07-29,13.1
1944-08-19,7.9
1944-09-24,13.7
1944-10-10,15.2
1944-11-09,18.7
1944-12-06,13.6
1945-01-18,21.8
1945-02-11,13.0
1945-03-05,7.2
1945-04-28,8.5
1945-05-21,25.4
1945-06-12,9.2
1945-07-26,23.8
1945-08-09,41.3
1945-09-25,10.8
1945-10-26,14.6
1945-11-11,13.6
1945-12-27,8.1
1946-01-28,26.6
1946-02-08,20.8
1946-03-01,20.0
1946-04-05,13.3
1946-05-13,17.8
1946-06-08,16.6
1946-07-24,14.9
1946-08-16,16.0
1946-09-20,15.3
1946-10-03,20.6
1946-11-07,7.3
1946-12-02,15.5
1947-01-14,3.9
1947-02-28,5.5
1947-03-10,25.0
1947-04-06,19.6
1947-05-10,12.2
1947-06-05,8.6
1947-07-16,19.8
1947-08-05,8.1
1947-09-08,9.6
1947-10-08,11.0
1947-11-09,21.0
1947-12-27,27.2
1948-01-12,19.5
1948-02-07,10.0
1948-03-16,17.1
1948-04-02,12.0
1948-05-25,19.3
1948-06-14,13.2
1948-07-15,21.5
1948-08-02,23.8
1948-09-05,13.8
1948-10-17,11.5
1948-11-07,11.6
1948-12-31,9.6
1949-01-03,4.6
1949-02-12,5.4
1949-03-14,15.9
1949-04-25,6.1
1949-05-19,13.8
1949-06-03,11.5
1949-07-18,5.9
1949-08-02,12.6
1949-09-01,11.1
1949-10-22,13.8
1949-11-08,9.9
1949-12-03,19.8
1950-01-15,12.8
1950-02-24,13.9
1950-03-17,7.0
1950-04-02,12.6
1950-05-23,34.3
1950-06-08,18.2
1950-07-04,28.1
1950-08-03,17.5
1950-09-15,19.9
1950-10-02,6.6
1950-11-02,17.4
1950-12-17,17.5
1951-01-11,16.7
1951-02-17,10.9
1951-03-17,23.5
1951-04-09,22.1
1951-05-07,16.5
1951-06-22,11.1
1951-07-10,16.8
1951-08-09,24.2
1951-09-02,28.2
1951-10-31,5.0
1951-11-20,14.6
1951-12-25,18.7
1952-01-02,21.3
1952-02-11,15.2
1952-03-24,9.9
1952-04-16,4.9
1952-05-06,9.8
1952-06-08,5.0
1952-07-03,51.1
1952-08-20,38.0
1952-09-04,10.0
1952-10-13,11.7
1952-11-07,18.7
1952-12-20,21.8
1953-01-25,6.8
1953-02-10,13.5
1953-03-11,4.0
1953-04-03,26.3
1953-05-27,13.2
1953-06-02,13.8
1953-07-31,12.3
1953-08-20,37.5
1953-09-22,14.2
1953-10-28,1.4
1953-11-02,4.8
1953-12-25,8.9
1954-01-20,19.0
1954-02-25,7.7
1954-03-31,10.0
1954-04-02,8.0
1954-05-28,13.9
1954-06-08,8.6
1954-07-17,22.4
1954-08-24,23.6
1954-09-04,34.3
1954-10-24,13.6
1954-11-07,8.1
1954-12-13,9.5
1955-01-13,22.2
1955-02-09,11.9
1955-03-05,6.5
1955-04-10,4.2
1955-05-13,15.7
1955-06-08,11.1
1955-07-18,7.0
1955-08-12,13.3
1955-09-12,19.6
1955-10-28,11.8
1955-11-04,11.4
1955-12-09,9.1
1956-01-23,16.0
1956-02-05,6.5
1956-03-03,21.4
1956-04-13,7.7
1956-05-11,6.7
1956-06-11,15.2
1956-07-19,35.6
1956-08-04,16.2
1956-09-30,15.4
1956-10-05,27.8
1956-11-11,14.1
1956-12-12,7.2
1957-01-12,10.4
1957-02-19,22.2
1957-03-17,7.4
1957-04-25,18.9
1957-05-23,10.8
1957-06-24,9.0
1957-07-15,12.4
1957-08-08,34.2
1957-09-22,27.8
1957-10-22,6.8
1957-11-22,6.0
1957-12-07,8.5
1958-01-05,10.6
1958-02-25,24.2
1958-03-27,7.0
1958-04-26,15.1
1958-05-25,12.4
1958-06-23,19.1
1958-07-15,24.3
1958-08-25,14.8
1958-09-29,17.4
1958-10-16,13.5
1958-11-02,11.7
1958-12-20,8.1
1959-01-23,15.3
1959-02-21,5.1
1959-03-05,19.8
1959-04-29,14.7
1959-05-21,3.1
1959-06-05,12.6
1959-07-30,20.3
1959-08-10,16.0
1959-09-21,3.5
1959-10-27,14.5
1959-11-09,10.3
1959-12-24,10.3
1960-01-25,14.5
1960-02-25,10.7
1960-03-26,17.7
1960-04-07,11.9
1960-05-20,13.8
1960-06-24,15.8
1960-07-17,19.5
1960-08-10,14.1
1960-09-20,48.0
1960-10-10,19.8
1960-11-03,18.6
1960-12-03,24.2
1961-01-30,19.8
1961-02-27,22.0
1961-03-30,5.6
1961-04-07,19.8
1961-05-04,7.1
1961-06-12,22.1
1961-07-12,22.2
1961-08-16,16.5
1961-09-28,16.2
1961-10-17,32.4
1961-11-26,24.6
1961-12-11,11.5
1962-01-10,13.8
1962-02-12,21.9
1962-03-30,16.6
1962-04-05,20.7
1962-05-14,9.6
1962-06-18,10.3
1962-07-15,59.6
1962-08-17,27.0
1962-09-04,10.4
1962-10-26,20.0
1962-11-15,13.4
1962-12-14,14.0
1963-01-03,7.4
1963-02-12,6.8
1963-03-18,8.2
1963-04-30,11.0
1963-05-21,9.7
1963-06-14,60.4
1963-07-01,22.3
1963-08-18,16.0
1963-09-05,11.3
1963-10-06,25.4
1963-11-17,11.0
1963-12-26,5.8
1964-01-28,5.0
1964-02-17,5.0
1964-03-19,11.8
1964-04-23,11.6
1964-05-31,25.3
1964-06-18,24.6
1964-07-18,12.8
1964-08-07,16.0
1964-09-15,27.0
1964-10-23,25.4
1964-11-16,16.1
1964-12-04,25.8
1965-01-09,14.9
1965-02-12,7.9
1965-03-24,11.0
1965-04-17,16.7
1965-05-27,45.8
1965-06-16,32.2
1965-07-16,23.7
1965-08-07,15.4
1965-09-03,12.8
1965-10-28,13.8
1965-11-29,20.4
1965-12-09,18.4
1966-01-01,10.8
1966-02-09,16.6
1966-03-28,13.1
1966-04-18,11.9
1966-05-22,11.3
1966-06-18,39.8
1966-07-19,17.1
1966-08-06,13.9
1966-09-14,9.6
1966-10-23,30.7
1966-11-09,22.7
1966-12-09,20.7
1967-01-05,10.9
1967-02-20,14.8
1967-03-12,21.6
1967-04-06,7.0
1967-05-25,15.6
1967-06-23,16.2
1967-07-18,8.6
1967-08-01,14.9
1967-09-20,14.8
1967-10-04,15.1
1967-11-14,11.8
1967-12-23,15.2
1968-01-06,11.8
1968-02-19,8.8
1968-03-06,11.5
1968-04-30,7.8
1968-05-25,7.4
1968-06-25,8.3
1968-07-06,16.3
1968-08-29,14.1
1968-09-14,17.6
1968-10-28,9.2
1968-11-23,8.6
1968-12-27,19.7
1969-01-14,8.0
1969-02-11,7.0
1969-03-11,13.8
1969-04-22,13.1
1969-05-31,11.3
1969-06-23,54.4
1969-07-24,36.2
1969-08-01,15.0
1969-09-22,3.4
1969-10-14,3.1
1969-11-28,17.3
1969-12-14,12.7
1970-01-23,8.1
1970-02-21,16.7
1970-03-17,8.0
1970-04-24,11.6
1970-05-01,6.1
1970-06-27,10.2
1970-07-14,20.9
1970-08-07,29.1
1970-09-15,15.1
1970-10-20,20.0
1970-11-02,12.0
1970-12-02,6.6
1971-01-26,9.8
1971-02-15,10.0
1971-03-17,9.1
1971-04-26,9.3
1971-05-16,41.6
1971-06-18,22.4
1971-07-23,22.9
1971-08-14,14.2
1971-09-23,8.5
1971-10-13,9.2
1971-11-18,27.5
1971-12-09,6.8
1972-01-27,12.6
1972-02-07,7.8
1972-03-10,11.9
1972-04-10,8.8
1972-05-16,17.2
1972-06-30,19.1
1972-07-09,26.0
1972-08-12,14.7
1972-09-09,17.8
1972-10-27,6.5
1972-11-17,16.0
1972-12-06,8.2
1973-01-26,8.8
1973-02-12,9.8
1973-03-06,8.4
1973-04-01,18.0
1973-05-01,13.3
1973-06-01,22.7
1973-07-27,11.5
1973-08-27,9.0
1973-09-28,23.8
1973-10-15,26.5
1973-11-26,21.6
1973-12-16,8.2
1974-01-28,10.0
1974-02-07,18.0
1974-03-11,18.6
1974-04-24,7.1
1974-05-30,23.2
1974-06-27,24.5
1974-07-24,14.6
1974-08-03,21.8
1974-09-05,18.3
1974-10-22,31.7
1974-11-15,23.2
1974-12-25,15.2
1975-01-28,10.7
1975-02-18,14.6
1975-03-27,20.7
1975-04-02,11.1
1975-05-02,5.7
1975-06-22,12.0
1975-07-17,13.9
1975-08-09,12.5
1975-09-25,19.2
1975-10-16,2.0
1975-11-15,21.5
1975-12-01,17.8
1976-01-26,10.2
1976-02-12,16.4
1976-03-26,9.0
1976-04-13,5.2
1976-05-20,6.3
1976-06-01,8.2
1976-07-12,34.0
1976-08-27,11.8
1976-09-15,11.3
1976-10-15,16.5
1976-11-30,19.5
1976-12-06,20.8
1977-01-09,15.0
1977-02-19,10.8
1977-03-20,26.7
1977-04-22,12.6
1977-05-11,15.4
1977-06-06,23.8
1977-07-28,24.4
1977-08-07,7.0
1977-09-30,10.3
1977-10-04,5.6
1977-11-02,16.1
1977-12-06,13.8
1978-01-11,8.6
1978-02-01,9.5
1978-03-25,17.5
1978-04-26,12.0
1978-05-01,47.3
1978-06-02,16.9
1978-07-02,19.9
1978-08-29,6.8
1978-09-28,10.6
1978-10-17,11.7
1978-11-24,6.2
1978-12-30,16.1
1979-01-13,10.9
1979-02-01,13.3
1979-03-13,12.4
1979-04-23,9.3
1979-05-01,9.9
1979-06-10,17.8
1979-07-31,5.4
1979-08-01,36.0
1979-09-03,2.7
1979-10-11,10.8
1979-11-08,22.8
1979-12-11,14.2
1980-01-03,10.6
1980-02-02,15.5
1980-03-31,24.1
1980-04-20,14.5
1980-05-02,17.2
1980-06-30,20.2
1980-07-20,39.1
1980-08-08,25.1
1980-09-08,4.0
1980-10-06,17.0
1980-11-15,12.4
1980-12-17,18.3
1981-01-14,33.5
1981-02-28,13.4
1981-03-09,21.3
1981-04-26,14.4
1981-05-21,22.2
1981-06-28,48.5
1981-07-18,6.3
1981-08-06,19.6
1981-09-20,18.9
1981-10-06,13.4
1981-11-27,17.4
1981-12-30,17.3
1982-01-26,11.2
1982-02-07,4.5
1982-03-03,14.0
1982-04-07,11.4
1982-05-19,10.0
1982-06-23,24.0
1982-07-02,12.5
1982-08-18,14.8
1982-09-25,16.1
1982-10-07,51.0
1982-11-12,12.7
1982-12-05,17.6
1983-01-31,24.4
1983-02-25,9.2
1983-03-31,15.6
1983-04-26,13.9
1983-05-13,8.6
1983-06-01,14.3
1983-07-26,8.7
1983-08-02,3.7
1983-09-10,8.8
1983-10-08,8.4
1983-11-27,20.2
1983-12-25,10.1
1984-01-14,10.0
1984-02-06,21.4
1984-03-02,11.5
1984-04-05,11.1
1984-05-28,34.1
1984-06-03,10.4
1984-07-14,11.5
1984-08-05,8.0
1984-09-14,39.7
1984-10-19,28.0
1984-11-22,14.5
1984-12-17,12.0
1985-01-25,10.0
1985-02-08,7.8
1985-03-26,11.5
1985-04-06,19.3
1985-05-19,13.3
1985-06-24,30.7
1985-07-28,19.7
1985-08-31,14.0
1985-09-03,8.0
1985-10-07,15.3
1985-11-05,14.7
1985-12-07,12.6
1986-01-05,16.7
1986-02-28,6.8
1986-03-27,23.4
1986-04-21,8.4
1986-05-06,9.9
1986-06-06,26.9
1986-07-10,7.5
1986-08-28,13.8
1986-09-15,41.6
1986-10-21,44.8
1986-11-19,18.5
1986-12-25,14.4
1987-01-01,14.9
1987-02-15,22.2
1987-03-23,18.7
1987-04-11,6.7
1987-05-12,13.3
1987-06-07,16.9
1987-07-16,22.2
1987-08-24,24.6
1987-09-13,9.3
1987-10-07,19.5
1987-11-25,19.9
1987-12-16,4.7
1988-01-10,15.8
1988-02-29,18.7
1988-03-13,15.6
1988-04-18,9.0
1988-05-26,25.3
1988-06-29,6.6
1988-07-03,18.0
1988-08-24,16.0
1988-09-13,15.4
1988-10-06,21.8
1988-11-30,10.6
1988-12-04,18.7
1989-01-05,9.8
1989-02-19,8.2
1989-03-07,26.6
1989-04-13,13.0
1989-05-12,9.2
1989-06-04,14.8
1989-07-31,8.2
1989-08-31,15.4
1989-09-12,15.5
1989-10-29,12.4
1989-11-10,5.8
1989-12-15,23.8
1990-01-23,21.7
1990-02-28,16.8
1990-03-25,8.6
1990-04-21,12.4
1990-05-11,12.6
1990-06-26,18.8
1990-07-07,11.1
1990-08-15,15.3
1990-09-29,8.6
1990-10-28,34.4
1990-11-19,13.1
1990-12-29,21.8
1991-01-03,14.7
1991-02-15,8.4
1991-03-01,7.5
1991-04-30,25.2
1991-05-03,6.4
1991-06-24,10.4
1991-07-02,21.2
1991-08-22,13.2
1991-09-24,15.8
1991-10-17,5.3
1991-11-03,28.0
1991-12-17,20.4
1992-01-04,14.0
1992-02-11,10.5
1992-03-12,14.8
1992-04-26,12.8
1992-05-30,11.2
1992-06-02,53.0
1992-07-03,17.4
1992-08-09,31.3
1992-09-02,7.0
1992-10-25,16.8
1992-11-16,18.5
1992-12-02,16.6
1993-01-11,15.8
1993-02-26,6.9
1993-03-05,2.7
1993-04-14,8.1
1993-05-26,19.3
1993-06-12,19.5
1993-07-24,19.7
1993-08-15,9.3
1993-09-15,14.5
1993-10-14,18.2
1993-11-13,22.6
1993-12-12,20.3
1994-01-27,12.6
1994-02-03,8.0
1994-03-18,21.7
1994-04-08,8.7
1994-05-26,22.4
1994-06-04,22.6
1994-07-31,28.0
1994-08-19,17.5
1994-09-07,21.7
1994-10-29,15.7
1994-11-14,16.8
1994-12-27,26.6
1995-01-22,21.0
1995-02-19,11.4
1995-03-28,10.6
1995-04-17,14.0
1995-05-28,28.6
1995-06-04,24.3
1995-07-11,19.9
1995-08-28,5.7
1995-09-26,21.7
1995-10-01,1.4
1995-11-16,13.3
1995-12-22,22.8
1996-01-06,7.2
1996-02-12,23.3
1996-03-21,8.4
1996-04-10,2.7
1996-05-26,12.4
1996-06-22,6.1
1996-07-02,15.2
1996-08-29,56.7
1996-09-30,15.5
1996-10-31,12.6
1996-11-29,16.5
1996-12-03,9.3
1997-01-18,1.6
1997-02-04,18.7
1997-03-19,4.7
1997-04-26,8.3
1997-05-04,12.7
1997-06-26,13.3
1997-07-17,21.9
1997-08-25,16.3
1997-09-01,5.8
1997-10-09,22.8
1997-11-06,13.7
1997-12-11,11.0
1998-01-05,11.6
1998-02-27,5.5
1998-03-06,21.9
1998-04-07,20.3
1998-05-27,9.3
1998-06-30,13.0
1998-07-29,8.6
1998-08-23,25.6
1998-09-13,23.5
1998-10-31,24.1
1998-11-29,12.6
1998-12-05,15.0
1999-01-16,16.3
1999-02-07,11.9
1999-03-01,11.8
1999-04-21,12.2
1999-05-19,13.1
1999-06-20,17.3
1999-07-04,19.3
1999-08-09,33.0
1999-09-30,7.6
1999-10-22,8.1
1999-11-01,8.2
1999-12-26,31.6
2000-01-22,8.2
2000-02-24,11.0
2000-03-03,20.9
2000-04-22,22.0
2000-05-11,15.4
2000-06-05,16.1
2000-07-11,15.0
2000-08-03,10.6
2000-09-16,22.4
2000-10-18,14.5
2000-11-12,11.8
2000-12-02,9.2
2001-01-05,14.8
2001-02-12,19.8
2001-03-18,20.4
2001-04-10,21.8
2001-05-16,19.0
2001-06-16,17.5
2001-07-22,37.3
2001-08-07,9.3
2001-09-17,27.1
2001-10-06,28.5
2001-11-07,16.8
2001-12-21,19.8
2002-01-26,18.8
2002-02-19,28.0
2002-03-20,13.0
2002-04-14,7.5
2002-05-05,12.3
2002-06-04,26.7
2002-07-03,17.4
2002-08-23,38.9
2002-09-26,6.1
2002-10-05,16.0
2002-11-08,18.3
2002-12-29,22.8
2003-01-01,20.6
2003-02-04,9.0
2003-03-11,14.3
2003-04-30,15.2
2003-05-05,17.7
2003-06-08,10.7
2003-07-26,18.6
2003-08-28,32.3
2003-09-22,8.2
2003-10-03,20.6
2003-11-02,13.9
2003-12-13,11.3
2004-01-12,37.5
2004-02-10,8.5
2004-03-19,5.0
2004-04-30,6.1
2004-05-07,20.8
2004-06-02,20.5
2004-07-22,29.5
2004-08-13,22.1
2004-09-24,26.7
2004-10-20,43.4
2004-11-18,43.6
2004-12-17,24.5
2005-01-17,8.7
2005-02-10,25.0
2005-03-25,9.2
2005-04-04,9.9
2005-05-04,9.4
2005-06-29,32.4
2005-07-29,33.4
2005-08-13,12.9
2005-09-10,37.4
2005-10-22,13.3
2005-11-25,19.3
2005-12-16,8.7
2006-01-17,8.1
2006-02-20,15.0
2006-03-30,11.4
2006-04-03,8.5
2006-05-26,15.2
2006-06-25,13.9
2006-07-22,29.1
2006-08-21,37.3
2006-09-30,2.9
2006-10-06,14.9
2006-11-20,13.2
2006-12-11,18.4
2007-01-17,14.0
2007-02-28,17.7
2007-03-06,11.5
2007-04-01,0.0
2007-05-18,14.9
2007-06-14,40.3
2007-07-20,17.4
2007-08-09,18.2
2007-09-27,13.2
2007-10-29,18.5
2007-11-30,11.5
2007-12-02,23.5
2008-01-04,10.0
2008-02-29,11.3
2008-03-15,22.2
2008-04-14,10.5
2008-05-16,22.0
2008-06-06,18.8
2008-07-02,23.8
2008-08-03,36.4
2008-09-30,31.8
2008-10-05,25.8
2008-11-10,14.8
2008-12-02,12.3
2009-01-22,20.4
2009-02-09,14.8
2009-03-23,12.6
2009-04-16,17.9
2009-05-25,12.0
2009-06-09,23.8
2009-07-23,12.5
2009-08-02,8.6
2009-09-14,7.2
2009-10-07,61.8
2009-11-03,17.4
2009-12-29,13.4
2010-01-16,9.6
2010-02-28,11.9
2010-03-28,11.0
2010-04-07,6.7
2010-05-26,19.6
2010-06-09,13.1
2010-07-14,25.5
2010-08-15,53.9
2010-09-08,27.7
2010-10-19,16.4
2010-11-13,40.5
2010-12-04,17.8
2011-01-12,25.5
2011-02-10,13.2
2011-03-30,10.6
2011-04-22,9.1
2011-05-21,8.3
2011-06-28,21.3
2011-07-16,16.0
2011-08-23,44.3
2011-09-03,39.1
2011-10-08,10.4
2011-11-01,4.0
2011-12-16,24.6
2012-01-19,13.9
2012-02-15,8.4
2012-03-04,11.9
2012-04-30,13.8
2012-05-09,16.7
2012-06-17,21.6
2012-07-14,23.6
2012-08-03,5.8
2012-09-26,15.1
2012-10-03,43.5
2012-11-02,8.5
2012-12-22,29.2
2013-01-29,10.4
2013-02-07,13.6
2013-03-11,11.1
2013-04-09,8.5
2013-05-28,31.8
2013-06-28,12.5
2013-07-27,37.8
2013-08-07,19.8
2013-09-13,8.7
2013-10-14,15.8
2013-11-07,15.9
2013-12-24,26.3
2014-01-20,10.6
2014-02-06,11.3
2014-03-21,4.8
2014-04-21,8.3
2014-05-10,9.4
2014-06-04,33.8
2014-07-09,36.5
2014-08-26,29.9
2014-09-20,4.7
2014-10-21,8.6
2014-11-14,17.0
2014-12-27,17.5
2015-01-08,21.5
2015-02-20,16.7
2015-03-29,16.7
2015-04-01,7.6
2015-05-04,13.2
2015-06-05,23.6
2015-07-18,7.5
2015-08-15,19.0
2015-09-14,8.3
2015-10-05,10.6
2015-11-30,31.5
2015-12-10,7.5
2016-01-14,24.7
2016-02-09,19.9
2016-03-02,12.6
2016-04-25,10.2
2016-05-30,35.7
2016-06-07,36.7
2016-07-22,21.5
2016-08-03,13.4
2016-09-04,4.6
2016-10-14,12.8
2016-11-15,20.9
2016-12-21,12.0
2017-01-12,21.7
2017-02-22,7.5
2017-03-08,12.3
2017-04-17,3.6
2017-05-28,8.8
2017-06-30,14.8
2017-07-19,10.5
2017-08-30,22.2
2017-09-14,17.7
2017-10-05,6.3
2017-11-12,14.8
2017-12-11,22.5
2018-01-15,11.6
2018-02-14,5.4
2018-03-31,8.9
2018-04-29,31.4
2018-05-23,5.8
2018-06-01,8.4
2018-07-26,27.8
2018-08-16,33.3
2018-09-23,23.0
2018-10-29,23.1
2018-11-11,19.3
2018-12-20,17.1
2019-01-27,14.8
2019-02-02,14.5
2019-03-14,18.7
2019-04-09,11.7
2019-05-03,9.8
2019-06-05,29.1
2019-07-27,32.8
2019-08-12,12.4
2019-09-24,14.5
2019-10-01,24.0
2019-11-28,11.8
2019-12-13,9.2
2020-01-09,13.4
2020-02-03,11.7
2020-03-05,18.8
2020-04-28,7.8
2020-05-10,2.2
2020-06-30,32.5
2020-07-08,5.8
2020-08-14,11.0
2020-09-26,38.0
2020-10-24,8.8
2020-11-30,11.3
2020-12-27,13.2
2021-01-11,22.9
2021-02-06,13.0
2021-03-04,10.7
2021-04-10,19.8
2021-05-17,15.4
2021-06-04,35.2
2021-07-15,57.8
2021-08-21,33.6
2021-09-10,7.6
2021-10-31,24.5
2021-11-26,7.4
2021-12-01,17.0
2022-01-08,17.1
2022-02-06,21.4
2022-03-31,1.5
2022-04-25,11.0
2022-05-19,22.2
2022-06-08,20.1
2022-07-20,2.3
2022-08-19,13.2
2022-09-08,15.4
2022-10-24,6.3
2022-11-16,14.7
2022-12-25,23.4
2023-01-16,12.4
2023-02-22,3.6
2023-03-30,15.8
2023-04-01,9.8
2023-05-09,20.2
2023-06-22,21.5
2023-07-23,38.0
2023-08-05,25.5
2023-09-21,25.0
2023-10-12,6.7
